party_label_ka,party_id,appearances,election_ids,label_resolves_to_n_ids
„ ახალი ქრისტიან-დემოკრატები”,new_christian_democrats,5,local_2017,1
„ თავისუფლება-ზვიად გამსახურდიას გზა”,freedom_gamsakhurdia,17,local_2017,1
„ თამაზ მეჭიაური ერთიანი საქართველოსთვის”,mechiauri,1,local_2017,1
„ მემარცხენე ალიანსი”,left_alliance,1,local_2017,1
„ მშრომელთა სოციალისტური პარტია”,workers_socialist,1,local_2017,1
„ პროგრესულ-დემოკრატიული,progressive_democratic_2017,1,local_2017,1
„ პროგრესულ-დემოკრატიული მოძრაობა”,progressive_democratic_2017,38,local_2017,1
„ რესპუბლიკური პარტია”,republicans_2016,2,local_2017,1
„ საქართველო”,patriots,4,local_2017,1
„ საქართველოს ერთობისა და განვითარების პარტია”,unity_development,1,local_2017,1
„ სოციალისტური საქართველო - კომუნისტები”,georgia_party,3,local_2017,1
„ ტრადიციონალისტები”,traditionalists,10,local_2017,1
„ ქართული ოცნება-დემოკრატიული საქართველო”,gd,63,local_2017,1
„ შენების მოძრაობა”,construction_movement_2017,10,local_2017,1
„ალეკო ელისაშვილი-მოქალაქეები“,citizens,219,adj_2020;local_2021;parl_2020,1
„ალეკო ელისაშვილი-მოქალაქეები”,citizens,271,local_2021,1
"“ალიანსი საქართველოსთვის” (ი. ალასანია, ს. სუბარი, დ. უსუფაშვილი, დ. გამყრელიძე, ს. ზურაბიშვილი)",alliance_georgia_2010,690,local_2010,1
„ანა დოლიძე - ხალხისთვის“,for_people,53,local_2021,1
„ანა დოლიძე - ხალხისთვის”,for_people,169,local_2021,1
„ანა რეხვიაშვილი - სახალხო მოძრაობა ქრისტიან-დემოკრატები“,peoples_movement_2020,124,parl_2020,1
"„არასაპარლამენტო ოპოზიცია (კახა კუკავა, ფიქრია ჩიხრაძე)”",nonparliamentary_opposition_2014,1,local_2014,1
„არჩევანი სამშობლოსათვის“,choice_homeland_2020,121,parl_2020,1
„ახალი მემარჯვენეები”,new_rights_2017,17,local_2017,1
„ახალი ქრისტიან-დემოკრატები”,new_christian_democrats,194,local_2017;parl_2020,1
„ახალი ძალა“,new_force,10,parl_2020,1
„ბაგრატიონი - სახე+“,face_plus,22,adj_2020,1
"„ბაქრაძე, უგულავა, ბოკერია - ევროპული საქართველო - მოძრაობა თავისუფლებისთვის“",european_georgia,21,parl_2020,1
"„ბაქრაძე, უგულავა, ბოკერია - ევროპული საქართველო-მოძრაობა თავისუფლებისთვის“",european_georgia,26,adj_2020,1
„ბეჟან გუნავა - ქართული არჩევანი“,georgian_choice,166,adj_2020;parl_2020,1
"""ბიძინა ივანიშვილი - ქართული ოცნება""",gd,200,parl_2012,1
„გაერთიანებული დემოკრატიული მოძრაობა”,united_democratic_2017,745,local_2017,1
"“გაერთიანებული ოპოზიცია (ეროვნული საბჭო, მემარჯვენეები)”",united_opposition_2008,73,parl_2008,1
„გაჩეჩილაძე - მწვანეთა პარტია“,greens,12,parl_2020,2
„გაჩეჩილაძე - მწვანეთა პარტია“,greens_geo,54,local_2021,2
„გაჩეჩილაძე - მწვანეთა პარტია”,greens_geo,8,local_2021,1
„გახარია საქართველოსთვის“,gakharia,1101,adj_2024;local_2025,1
„გახარია საქართველოსთვის”,gakharia,12,parl_2024,1
"„გიორგი გაჩეჩილაძე -
მწვანეთა პარტია”",greens_2014,1,local_2014,1
„გიორგი ვაშაძე - სტრატეგია აღმაშენებელი“,agmashenebeli,30,adj_2020,1
“გიორგი თარგამაძე – ქრისტიან-დემოკრატები”,christian_democrats_2008,196,parl_2008,1
„გიორგი თარგამაძე ქრისტიან დემოკრატები”,christian_democrats_2008,6,adj_2008,1
"“გიორგი თარგამაძე, ინგა გრიგოლია – ქრისტიან-დემოკრატიული გაერთიანება”",christian_democrats_2010,702,local_2010,1
„გიორგი ლაღიძე - მომავალი საქართველო”,georgia_party,2,local_2021,1
„გიორგი ლაღიძე-მომავალი საქართველო“,georgia_party,1,local_2021,1
„გირჩი“,girchi,105,adj_2020;adj_2024;local_2021;parl_2020,1
„გირჩი”,girchi,1239,local_2021,1
„გირჩი“ ზურაბ,girchi,1,parl_2020,1
„გოგი წულაია - ახალი ქრისტიან-დემოკრატები“,new_christian_democrats,50,local_2021,1
„გოგი წულაია - ახალი ქრისტიან-დემოკრატები”,new_christian_democrats,97,local_2021,1
"„დავით თარხან-მოურავი- საქართველოს პატრიოტთა ალიანსი""",patriots,1,local_2014,1
"„დავით თარხან-მოურავი, ირმა ინაშვილი - საქართველოს პატრიოტთა",patriots,668,local_2017,1
"„დავით თარხან-მოურავი, ირმა ინაშვილი - საქართველოს პატრიოტთა ალიანსი“",patriots,79,adj_2020;local_2021,1
"„დავით თარხან-მოურავი, ირმა ინაშვილი - საქართველოს პატრიოტთა ალიანსი”",patriots,3205,local_2017;local_2021;parl_2020,1
„დავით თევზაძე - საქართველოს მშვიდობისათვის”,peace_georgia_2016,18,parl_2016,1
„დავით ჭიჭინაძე ტრიბუნა - ქდმ“,tribuna,21,adj_2020,1
„დავით ჭიჭინაძე ტრიბუნა - ქდმ”,tribuna,181,parl_2020,1
„დაშნაკცუთიუნ“,dashnaks,19,parl_1919,1
„დემოკრატთა ალიანსი”,democrats_alliance,29,local_2021,1
„ევროპელი დემოკრატები“,european_democrats,24,adj_2024,1
„ევროპელი დემოკრატები”,european_democrats,683,local_2021,1
„ევროპელი სოციალისტები”,european_socialists,313,local_2021,1
„ევროპული საქართველო-მოძრაობა თავისუფლებისთვის“,european_georgia,69,local_2021,1
„ევროპული საქართველო-მოძრაობა თავისუფლებისთვის”,european_georgia,1878,local_2021,1
„ელენე ხოშტარია - დროა”,droa,64,local_2021,1
„ელენე ხოშტარია-დროა“,droa,55,local_2021,1
„ერთიანი ნაციონალური მოძრაობა,unm,1,adj_2008,1
“ერთიანი ნაციონალური მოძრაობა – გამარჯვებული საქართველოსათვის”,unm,193,parl_2008,1
“ერთიანი ნაციონალური მოძრაობა – გამარჯვებული საქართველოსთვის”,unm,75,parl_2008,1
“ერთიანი ნაციონალური მოძრაობა”,unm,1020,local_2010,1
„ერთიანი ნაციონალური მოძრაობა”,unm,2310,adj_2008;local_2021,1
„ერთიანი ნაციონალური მოძრაობა” ჯაბრაილ,unm,1,local_2021,1
„ერთიანობა-ნაციონალური მოძრაობა“,unity,29,adj_2024,1
„ერთიანობა-ნაციონალური მოძრაობა”,unity,16,parl_2024,1
„ეროვნულ დემოკრატიული მოძრაობა“,national_democrats,139,parl_2020,1
„ეროვნულ დემოკრატიული მოძრაობა”,national_democrats,18,local_2017,1
„ეროვნულ-დემოკრატიული პარტია (ედპ)“,ndp_2020,121,parl_2020,1
“ეროვნული საბჭო”,national_council_2010,795,local_2010,1
„ვადამდელი არჩევნები - ერთიანი საქართველო - დემოკრატიული მოძრაობა”,early_elections_coalition,156,local_2021,1
„ზვიად ძიძიგური - საქართველოს კონსერვატიული პარტია”,conservatives,7,parl_2020,1
„ზვიადის გზა - უფლის სახელით”,zviads_way,15,parl_2016,1
„ზვიადის გზა უფლის სახელით [სამართლიანობის აღდგენის კავშირი; მეანაბრეთა ასოციაცია; იპოთეკით დაზარალებულთა დარბაზი; ალტერნატიული პირადობის დაშვების ლიგა; უფალია ჩვენი სიმართლე]”,zviads_way,29,local_2017,1
"„ზვიადის გზა“ (ღმერთის, სიმართლისა და ქვეყნისათვის)",zviads_way,1,parl_2020,1
„ზურაბ გირჩი ჯაფარიძე: გირჩი - მეტი თავისუფლება“,girchi_more_freedom,51,local_2021,1
„ზურაბ გირჩი ჯაფარიძე: გირჩი - მეტი თავისუფლება”,girchi_more_freedom,751,local_2021,1
„თავისუფალი არჩევანი - ახალი ალტერნატივა“,free_choice,63,local_2021,1
„თავისუფალი არჩევანი - ახალი ალტერნატივა”,free_choice,39,local_2021,1
„თავისუფალი დემოკრატები“,free_democrats,5,parl_2020,1
"„თავისუფალი საქართველო (ზაზა ხატიაშვილი, კახა კუკავა, გრიგოლ ჯოჯუა)""",free_georgia,1,local_2021,1
"„თავისუფალი საქართველო (ზაზა ხატიაშვილი, კახა კუკავა, გრიგოლ ჯოჯუა)”",free_georgia,1079,local_2021,1
"„თავისუფალი საქართველო (კახა კუკავა, გიორგი წულაია)“",free_georgia,171,parl_2020,1
„თავისუფალი საქართველო“,free_georgia,131,adj_2024;local_2025,1
"„თავისუფალი საქართველო“ (კახა კუკავა, გიორგი წულაია)",free_georgia,24,adj_2020,1
„თავისუფლება-ზვიად გამსახურდიას გზა”,freedom_gamsakhurdia,940,local_2017,1
„თამაზ მეჭიაური ერთიანი საქართველოსთვის“,mechiauri,5,parl_2020,1
„თამაზ მეჭიაური ერთიანი საქართველოსთვის”,mechiauri,31,local_2017,2
„თამაზ მეჭიაური ერთიანი საქართველოსთვის”,mechiauri_united,100,local_2021;parl_2016,2
„თეთრები”,whites,7,local_2021,1
“თორთლაძე – დემოკრატიული პარტია”,tortladze_democratic_2010,401,local_2010,1
"“თოფაძე-მრეწველები,ჩვენი სამშობლო“",industry_sakartvelo,30,adj_2016,1
„ირაკლი ალასანია - თავისუფალი დემოკრატები”,free_democrats,63,parl_2016,1
„ირაკლი ოქრუაშვილი - გამარჯვებული საქართველო“,victorious_georgia,27,adj_2020;parl_2020,1
"„ირაკლი ღლონტი -
რეფორმატორები""",reformers_2014,1,local_2014,1
„კანონი და სამართალი”,law_justice,92,local_2021,1
"""კახა კუკავა - ""თავისუფალი საქართველო""",free_georgia,193,parl_2012,1
"„კახა ძაგანია, სოსო შატბერაშვილი, პაატა ჯიბლაძე, არჩილ ბენიძე - მემარცხენე ალიანსი”",left_alliance_2016,18,parl_2016,1
„კოალიცია ცვლილებისთვის გვარამია მელია გირჩი დროა“,coalition_for_change,23,adj_2024,1
„კონსერვატორები საქართველოსთვის“,conservatives_geo,870,local_2025,1
"„ლევან ჩაჩუა, გურამ ფალავანდიშვილი - ქართული იდეა“",georgian_idea,24,parl_2020,1
„ლელო - მამუკა ხაზარაძე“,lelo,49,adj_2020;parl_2020,1
„ლელო“,lelo,54,local_2021,1
„ლელო”,lelo,1628,local_2021,1
"„მამუკა ტუსკაძე-სოციალური სამართლიანობისათვის""",social_justice,1,local_2021,1
„მამუკა ტუსკაძე-სოციალური სამართლიანობისათვის”,social_justice,44,local_2021,1
"„მამული, ენა, სარწმუნოება“",mamuli_ena,106,local_2025,1
„მამული“,motherland_2020,1,local_2021,1
„მემარცხენე ალიანსი“,left_alliance,56,local_2021,1
„მემარცხენე ალიანსი”,left_alliance,182,local_2017,1
"“მემარჯვენე ალიანსი, თოფაძე–მრეწველები (მ.გ.ს., ერთობა, ე.დ.პ.)”",right_alliance_2008,21,parl_2008,1
"""მერაბ კოსტავას საზოგადოება""",kostava_society,122,parl_2012,1
„მერაბ კოსტავას საზოგადოება”,kostava_society,3,local_2014;local_2017,1
„მესამე გზა“,third_way,93,local_2021,1
"„მესამე ძალა-სტრატეგია აღმაშენებელი""",third_force,1,local_2021,1
„მესამე ძალა-სტრატეგია აღმაშენებელი”,third_force,1553,local_2021,1
„მესამე ძალა“,third_force,53,local_2021,1
„მომავალი საქართველო”,future_georgia,6,parl_2020,2
„მომავალი საქართველო”,future_georgia_2014,1,local_2014,2
“მომავლის პარტია”,future_party_2010,15,local_2010,1
„მოძრაობა სახელმწიფო ხალხისთვის”,for_people,33,local_2017,1
"„მურმან დუმბაძე,მედე ვასაძე - ემსახურე საქართველოს“",serve_georgia_2016,32,adj_2016,1
„მშრომელთა სოციალისტური პარტია“,workers_socialist,130,parl_2020,1
„მშრომელთა სოციალისტური პარტია”,workers_socialist,5,parl_2016,1
"„ნინო ბურჯანაძე -
ერთიანი ოპოზიცია""",burjanadze_united_opposition_2014,1,local_2014,1
„ნინო ბურჯანაძე-ერთიანი საქართველოდემოკრატიული მოძრაობა“,democratic_movement,25,adj_2020,1
„პროგრესი და თავისუფლება”,progress_freedom,47,local_2021,1
„პროგრესულ-დემოკრატიული მოძრაობა”,progressive_democratic_2017,117,local_2017,1
„პროგრესული საქართველო“,progressive_georgia,16,parl_2020,1
„რესპუბლიკური პარტია”,republicans_2016,438,local_2017,1
„რეფორმატორები”,reformators,29,local_2021,1
„რეფორმერი“,reformer,182,local_2021;parl_2020,1
„რეფორმერი”,reformer,143,local_2021,1
"„სალომე ზურაბიშვილი- საქართველოს გზა""",georgias_way_2014,1,local_2014,1
„საქართველო“,georgia_party,122,local_2025;parl_2020,1
„საქართველო”,georgia_2016,27,parl_2016,2
„საქართველო”,patriots,118,local_2017,2
„საქართველო“ მამუკა მელიქიშვილი საქართველოს პარლამენტის 2020 წლის 31 ოქტომბრის არჩევნებისათვის რეგისტრირებული მაჟორიტარი კანდიდატები 19,georgia_party,1,parl_2020,1
„საქართველოს განვითარების პარტია“,development_party,180,local_2021;parl_2020,1
„საქართველოს ერთიანი კომუნისტური პარტია”,united_communist_2016,9,parl_2016,1
„საქართველოს ერთიანი კომუნისტური პარტია” (სეკპ),adj2008_united_communist,5,adj_2008,1
„საქართველოს კომუნისტური პარტია - სტალინელები” (ივანე წიკლაური),communist_stalinist,27,parl_2016,1
„საქართველოს კონსერვატიული პარტია”,conservatives,4,adj_2008,1
„საქართველოს მშრომელთა საბჭო”,workers_council_2014,1,local_2014,1
„საქართველოს პატრიოტთა ალიანსი“,patriots,419,adj_2024;local_2025,1
„საქართველოს სოციალ-დემოკრატიული პარტია“,social_democrats,50,local_2021,1
„საქართველოს ძალოვან ვეტერანთა და პატრიოტთა პოლიტიკური მოძრაობა”,veterans,172,parl_2020,1
„სახალხო პარტია“,peoples_party,2,parl_2020,1
„სახალხო პარტია”,peoples_party,269,local_2021,1
„სახალხო ხელისუფლება“,peoples_power,183,local_2025,1
„სახე+”,face_plus,36,local_2021,1
„სერგო ჯავახიძე-ევროატლანტიკური ვექტორი“,euroatlantic_vector,136,parl_2020,1
„სოციალისტური საქართველო - კომუნისტები”,georgia_party,179,local_2017,1
„სოციალური სამართლიანობისათვის“,social_justice_2020,21,adj_2020,1
“სრულიად საქართველოს რადიკალ-დემოკრატთა ნაციონალური პარტია”,radical_democrats_2008,121,parl_2008,1
“ტრადიციონალისტები – ჩვენი საქართველო და ქალთა პარტია”,traditionalists,28,parl_2008,1
„ტრადიციონალისტები“,traditionalists,1,parl_2020,1
„ტრადიციონალისტები”,traditionalists,47,local_2017,1
„ტრიბუნა“,tribuna,28,adj_2024,1
„უსუფაშვილი - რესპუბლიკელები”,republicans_2016,27,parl_2016,1
„უფლის სახელით-უფალია ჩვენი სიმართლე”,ufali_2014,1,local_2014,1
„ქართული იდეა”,georgian_idea,12,parl_2016,1
„ქართული მარში - ეროვნული მოძრაობა“,georgian_march,22,adj_2020,1
„ქართული მარში-ეროვნული მოძრაობა“,georgian_march,25,parl_2020,1
"""ქართული ოცნება - დემოკრატიული საქართველო""",gd,210,parl_2020,1
„ქართული ოცნება - დემოკრატიული საქართველო“,gd,37,adj_2020,1
„ქართული ოცნება - დემოკრატიული საქართველო”,gd,143,parl_2016,1
„ქართული ოცნება- დემოკრატიული საქართველო“,gd,3,adj_2020,1
„ქართული ოცნება-დემოკრატიული,gd,3,local_2017,1
„ქართული ოცნება-დემოკრატიული საქართველო”,gd,2803,local_2017,1
„ქართული ოცნება“,gd,42,adj_2024,1
„ქართული ოცნება”,gd,1,local_2014,1
„ქართული ფესვები”,roots,129,parl_2020,1
"„შალვა ნათელაშვილი  - საქართველოს ლეიბორისტული პარტია""",labour,1,local_2014,1
„შალვა ნათელაშვილი - საქართველოს ლეიბორისტული პარტია”,labour,1423,local_2017;parl_2016,1
„შალვა ნათელაშვილი - საქართველოს ლეიბორისტული პარტია” 10. „შალვა ნათელაშვილი - საქართველოს ლეიბორისტული პარტია”შამუგიაანნა6წალენჯიხა68,labour,1,local_2017,1
„შალვა ნათელაშვილი - საქართველოს ლეიბორისტული პარტია” ვალერიან,labour,1,local_2017,1
“შალვა ნათელაშვილი – საქართველოს ლეიბორისტული პარტია”,labour,245,parl_2008,1
„შალვა ნათელაშვილი-საქართველოს ლეიბორისტული,labour,1590,local_2021,1
"""შალვა ნათელაშვილი-საქართველოს ლეიბორისტული პარტია""",labour,167,parl_2012,1
„შალვა ნათელაშვილი-საქართველოს ლეიბორისტული პარტია“,labour,262,adj_2020;local_2021;parl_2020,1
„შალვა ნათელაშვილი-საქართველოს ლეიბორისტული პარტია”,labour,61,local_2021,1
„შენების მოძრაობა”,construction_movement_2017,475,local_2017,1
„შეცვალე საქართველო”,change_georgia,211,parl_2020,1
“ჩვენები - სახლხო პარტია“,chvenni_peoples,28,adj_2016,1
„ჩვენი გაერთიანებული საქართველო“,georgia_party,1,local_2021,2
„ჩვენი გაერთიანებული საქართველო“,our_georgia,138,adj_2024;local_2025,2
„ჩვენი გაერთიანებული საქართველო”,georgia_party,2,local_2021,1
„ჩვენი საქართველო - სოლიდარობის ალიანსი“,alliance,20,adj_2020,1
"„ძლიერი საქართველო - ლელო, ხალხისთვის, თავისუფლებისთვის!“",strong_georgia,27,adj_2024,1
"„ძლიერი საქართველო-ლელო, ხალხისთვის, თავისუფლებისთვის!”",strong_georgia,14,parl_2024,1
"""ჯონდი ბაღათურია - ქართული დასი""",georgian_group,173,parl_2012,1
„ჯონდი ბაღათურია - ქართული დასი”,georgian_group,2,parl_2016,1
„ჯონდო ბაღათურია - ქართული დასი”,georgian_troupe,127,parl_2020,1
(პარტია) „თეთრები”,whites,133,parl_2020,1
1. „მესამე ძალა-სტრატეგია აღმაშენებელი”,third_force,8,local_2021,1
10. „შალვა ნათელაშვილი-საქართველოს ლეიბორისტული პარტია”,labour,3,local_2021,1
19. „ევროპელი სოციალისტები”,european_socialists,4,local_2021,1
2. „ევროპული საქართველო-მოძრაობა თავისუფლებისთვის”,european_georgia,17,local_2021,1
21.  „პროგრესი და თავისუფლება”,progress_freedom,2,local_2021,1
25. გახარია - საქართველოსთვის,gakharia,105,local_2021,1
36. „გირჩი”,girchi,1,local_2021,1
38. „თამაზ მეჭიაური ერთიანი საქართველოსთვის”,mechiauri_united,6,local_2021,1
41. ქართული ოცნება - დემოკრატიული საქართველო,gd,1315,local_2021,1
44. „სახალხო პარტია”,peoples_party,3,local_2021,1
48. „ანა დოლიძე - ხალხისთვის”,for_people,1,local_2021,1
5. „ერთიანი ნაციონალური მოძრაობა”,unm,487,local_2021,1
7. „ალეკო ელისაშვილი-მოქალაქეები”,citizens,1,local_2021,1
"8. „დავით თარხან-მოურავი, ირმა ინაშვილი - საქართველოს პატრიოტთა ალიანსი”",patriots,5,local_2021,1
9.  „ლელო”,lelo,25,local_2021,1
ამომრჩეველთა საინიციატივო ჯგუფი,andriadze,1,pres_2018,6
ამომრჩეველთა საინიციატივო ჯგუფი,chichinadze,1,pres_2018,6
ამომრჩეველთა საინიციატივო ჯგუფი,nonikashvili,1,pres_2018,6
ამომრჩეველთა საინიციატივო ჯგუფი,shashiashvili,1,pres_2018,6
ამომრჩეველთა საინიციატივო ჯგუფი,tediashvili,1,pres_2018,6
ამომრჩეველთა საინიციატივო ჯგუფი,zourabichvili,2,pres_2018,6
"არასაპარლამენტო ოპოზიცია (კახა კუკავა, ფიქრია ჩიხრაძე)",nonparliamentary_opposition_2014,1915,local_2014,1
"არასაპარლამენტო ოპოზიცია (კახა კუკავა,ფიქრია ჩიხრაძე)",nonparliamentary_opposition_2014,2,local_2014,1
"არასაპარლამენტო ოპოზიცია(კახა კუკავა,ფიქრია ჩიხრაძე)",nonparliamentary_opposition_2014,1,local_2014,1
ახალი მემარჯვენეები,gamkrelidze,1,pres_2008,1
"ბაქრაძე, უგულავა - ევროპული საქართველო",european_georgia,117,local_2017,1
"ბაქრაძე, უგულავა, ევროპული საქართველო",european_georgia,59,local_2017,1
ბიძინა ივანიშვილი - ქართული ოცნება,gd,85,parl_2012,1
"ბლოკი
„თვითმმართველობა ხალხს!""",self_governance_people_2014,1,local_2014,1
ბლოკი „ერთიანი ნაციონალური მოძრაობა-გაერთიანებული ოპოზიცია „ძალა ერთობაშია“,unm,36,adj_2020,1
"ბლოკი „ერთიანი ნაციონალური მოძრაობა""",unm,1,local_2014,1
ბორჩალოს მაზრის მცხოვრებ მუსულმანთა ჯგუფი,borchalo_1919,5,parl_1919,1
გაერთიანებული ოპოზიცია,gachechiladze,1,pres_2008,1
"გაერთიანებული ოპოზიცია (ეროვნული საბჭო, მემარჯვენეები)",united_opposition_2008,17,parl_2008,1
გახარია - საქართველოსთვის,gakharia,2370,local_2021,1
გახარია საქართველოსთვის,gakharia,115,parl_2024,1
გიორგი გაჩეჩილაძე - მწვანეთა პარტია,greens_2014,225,local_2014,1
გიორგი გაჩეჩილაძე - მწვანეთა პარტიასახელი და გვარი,greens_2014,1,local_2014,1
გიორგი გაჩეჩილაძე − მწვანეთა პარტია,greens_2014,42,local_2014,1
გიორგი ვაშაძე - ერთობა ახალი საქართველო,vashadze_2017,60,local_2017,1
გიორგი თარგამაძე – ქრისტიან-დემოკრატები,christian_democrats_2008,6,parl_2008,1
გიორგი თარგამაძე-ქრისტიან დემოკრატები,christian_democrats_2008,39,adj_2008,1
გირჩი,girchi,244,local_2025;parl_2020,2
გირჩი,japaridze,1,pres_2018,2
დავით თარხან - მოურავი - საქართველოს პარტიოტთა ალიანსი,georgia_party,1,local_2014,1
დავით თარხან - მოურავი - საქართველოს პატრიოპთა ალიანსი,georgia_party,1,local_2014,1
დავით თარხან - მოურავი - საქართველოს პატრიოტთა ალიანსი,patriots,36,local_2014,1
დავით თარხან - მოურავი საქართველოს პატრიოტთა ალიანსი,patriots,4,local_2014,1
"დავით თარხან მოურავი, ირმა ინაშვილი - საქართველოს პატრიოტთა ალიანსი",patriots,64,local_2017,1
დავით თარხან-მოურავი - საქართველოს პატრიოტთა ალიანსი,patriots,630,local_2014,1
"დავით თარხან-მოურავი, ირმა ინაშვილი - საქართველოს პატრიოტთა ალიანსი",patriots,91,local_2017,1
"დავით თარხან-მოურავი,ირმა ინაშვილი - საქართველოს პატრიოტთა ალიანსი",patriots,35,adj_2016,1
დავით თარხან‐მოურავი − საქართველოს პატრიოტთა ალიანსი,patriots,311,local_2014,1
დავით თევზაძე - საქართველოს მშვიდობისათვის,peace_georgia_2016,106,parl_2016,1
დავით ჭიჭინაძე - ტრიბუნა,tribuna,187,local_2021,1
დამოუკიდებელთა (უპარტიო) კავშირი,indie_1919,10,parl_1919,1
დამოუკიდებელი,independent,21,local_2017,1
დამოუკიდებელი არასაპარლამენტო,independent,1,local_2014,1
დამოუკიდებელი დავით თარხან - მოურავი -,independent,2,local_2014,1
დამოუკიდებელი შალვა ნათელაშვილი -,independent,1,local_2014,1
დემოკრატიული მოძრაობა -  ერთიანი საქართველო,nino_burjanadze,1,pres_2013,1
"დიმიტრი ლორთქიფანიძე, კახა კუკავა -დემოკრატიული მოძრაობა - თავისუფალი საქართველო",free_georgia,55,local_2017,1
"დიმიტრი ლორთქიფანიძე, კახა კუკავა-დემოკრატიული მოძრაობა-თავისუფალი საქართველო",free_georgia,11,local_2017,1
ედპ - ეროვნულ-დემოკრატიული პარტია,ndp_2012,160,parl_2012,1
ევროპელი დემოკრატები,european_democrats,87,local_2021;parl_2024,1
ევროპელი სოციალისტები,european_socialists,51,local_2021,1
ევროპული საქართველო - მოძრაობა თავისუფლებისთვის,european_georgia,155,parl_2020,1
ეკა ბესელია - პ.პ. „სამართლიანობისთვის“,justice,150,adj_2020;parl_2020,1
ერთიანი ნაციონალური მოძრაობა,bakradze,1,pres_2013,4
ერთიანი ნაციონალური მოძრაობა,saakashvili,1,pres_2008,4
ერთიანი ნაციონალური მოძრაობა,unm,2504,adj_2008;local_2014;local_2017,4
ერთიანი ნაციონალური მოძრაობა,vashadze,2,pres_2018,4
ერთიანი ნაციონალური მოძრაობა - მეტი სარგებელი ხალხს,unm,220,parl_2012,1
ერთიანი ნაციონალური მოძრაობა – გამარჯვებული საქართველოსთვის,unm,119,parl_2008,1
ერთიანობა-ნაციონალური მოძრაობა,unity,97,parl_2024,1
ერთიანობის დარბაზი,unity_hall_2014,192,local_2014,1
ერი,nation_party,54,local_2021,1
ერი - მირიან მირიანაშვილი,nation_party,26,local_2021,1
ეროვნულ დემოკრატიული მოძრაობა,national_democrats,1,local_2017,1
ეროვნულ-დემოკრატიული პარტია (ედპ),national_democratic_2010,11,local_2010,1
ეროვნულ‐დემოკრატიული პარტია (ედპ),national_democratic_2014,3,local_2014,1
ეროვნული ფორუმი,national_forum,213,adj_2016;parl_2016,1
ესთეტიური ლიგა პატრიოტებისა,aesth_1919,6,parl_1919,1
ვეტერანთა და პატრიოტთა პოლიტიკური მოძრაობა,veterans_patriots_2014,2,local_2014,1
ზვიადის გზა - უფლის სახელით,zviads_way,130,parl_2016,1
ზვიადის გზა უფლის სახელით [სამართლიანობის აღდგენის კავშირი; მეანაბრეთა ასოციაცია; იპოთეკით დაზარალებულთა დარბაზი; ალტერნატიული პირადობის დაშვების ლიგა; უფალია ჩვენი სიმართლე],zviads_way,58,local_2017,1
"თავისუფალი საქართველო (ზაზა ხატიაშვილი, კახა კუკავა, გრიგოლ ჯოჯუა)",free_georgia,54,local_2021,1
თავისუფლება - ზვიად გამსახურდიას გზა,freedom_gamsakhurdia,61,local_2017,2
თავისუფლება - ზვიად გამსახურდიას გზა,freedom_zviads_way_2014,17,local_2014,2
თავისუფლება − ზვიად გამსახურდიას გზა,freedom_zviads_way_2014,5,local_2014,1
თავისუფლება-ზვიად გამსახურდიას გზა,freedom_gamsakhurdia,261,local_2021;parl_2020,1
თამაზ მეჭიაური - ერთიანი საქართველოსთვის,mechiauri_united,31,adj_2016,1
თამაზ მეჭიაური ერთიანი საქართველოსთვის,mechiauri,8,local_2017,2
თამაზ მეჭიაური ერთიანი საქართველოსთვის,mechiauri_united,166,parl_2016,2
თვითმმართველობა ხალხს,self_governance_people_2014,2,local_2014,1
თვითმმართველობა ხალხს!,self_governance_people_2014,858,local_2014,1
თოფაძე-მრეწველები,industry_sakartvelo,248,local_2010,1
ივანიშვილი – “სახალხო დემოკრატები”,ivanishvili_peoples_democrats_2010,35,local_2010,1
ირაკლი ალასანია - თავისუფალი დემოკრატები,free_democrats,229,adj_2016;parl_2016,1
ირაკლი ოქრუაშვილი - ქართული პარტია,georgian_party_2014,57,local_2014,1
ირაკლი ოქრუაშვილი − ქართული პარტია,georgian_party_2014,24,local_2014,1
ირაკლი ღლონტი - რეფორმატორები,reformers_2014,274,local_2014,1
ირაკლი ღლონტი − რეფორმატორები,reformers_2014,23,local_2014,1
"კახა ძაგანია, სოსო შატბერაშვილი, პაატა ჯიბლაძე, არჩილ ბენიძე - მემარცხენე ალიანსი",left_alliance_2016,132,parl_2016,1
კოალიცია ცვლილებისთვის გვარამია მელია გირჩი დროა,coalition_for_change,101,parl_2024,1
ლეიბორისტული პარტია,natelashvili,2,pres_2008;pres_2013,1
მ.პ..გ „ერთიანი ნაციონალური მოძრაობა“,unm,40,adj_2016,1
მამუკა ტუსკაძე-სოციალური სამართლიანობისათვის,social_justice,53,local_2021,1
მამულიშვილთა ორდენი „სამშობლო“,motherland_2020,121,parl_2020,1
მამულიშვილთა ორდენი „სამშობლო”,motherland_2020,33,local_2017,1
მემარცხენე ალიანსი,left_alliance,86,local_2017;parl_2024,1
მემარცხენე სოციალისტ-ფედერალისტთა მაშვრალთა პარტია,left_federalists_1919,38,parl_1919,1
მერაბ კოსტავას საზოგადოება,kostava_society,335,local_2014;parl_2016,1
მომავალი საქართველო,future_georgia,108,parl_2012,2
მომავალი საქართველო,future_georgia_2014,5,local_2014,2
"მოქალაქეთა პოლიტიკური გაერთიანება ""თავისუფალი დემოკრატები""",free_democrats,122,parl_2020,1
მოქალაქეთა პოლიტიკური გაერთიანება “სრულიად საქართველოს სახალხო ალიანსი” (სსსა),peoples_alliance_2010,40,local_2010,1
მოქალაქეთა პოლიტიკური გაერთიანება „ქართული პოლიტიკა,adj2008_georgian_politics,1,adj_2008,1
მოქალაქეთა პოლიტიკური გაერთიანება “ქართული პოლიტიკა”,georgian_politics_2008,153,parl_2008,1
მოქალაქეთა პოლიტიკური გაერთიანება „ქართული პოლიტიკა”,adj2008_georgian_politics,5,adj_2008,1
მოქალაქეთა პოლიტიკური გაერთიანება „ჩვენი საქართველო - სოლიდარობის ალიანსი“,alliance,161,parl_2020,1
"მოძრაობა ""სამართლიანი საქართველოსთვის""",fair_georgia_2012,129,parl_2012,1
მოძრაობა თავისუფალი საქართველოსთვის,free_georgia_movement,139,parl_2020,1
მოძრაობა სახელმწიფო ხალხისთვის,for_people,1,local_2017,2
მოძრაობა სახელმწიფო ხალხისთვის,mikheil_antadze,1,pres_2018,2
"მპგ ""ახალი ძალა""",new_force,131,parl_2020,1
"მპგ ""ერთიანი ნაციონალური მოძრაობა""",unm,213,parl_2020,1
მპგ „თავისუფლება - ზვიად გამსახურდიას გზა“,freedom_gamsakhurdia,23,adj_2020,1
"მპგ ""ლელო საქართველოსთვის""",lelo,143,parl_2020,1
"მპგ ""საქართველოს ქრისტიან კონსერვატიული პარტია""",mekhatishvili,1,pres_2018,1
"მპგ ""საქართველოს ძალოვან ვეტერანთა და პატრიოტთა პოლიტიკური მოძრაობა""",khutsishvili,1,pres_2018,1
"მპგ ""ქართული იდეა""",georgian_idea,140,parl_2020,1
მპგ “ქართული იდეა“,georgian_idea,19,adj_2020,1
"მპმ ""სოციალური სამართლიანობისათვის""",social_justice_2020,149,parl_2020,1
მრეწველობა გადაარჩენს საქართველოს,industry_sakartvelo,204,adj_2008;parl_2020,2
მრეწველობა გადაარჩენს საქართველოს,meunargia,1,pres_2018,2
მუსლიმთა ეროვნული საბჭო,muslim_1919,5,parl_1919,1
მშრომელთა სოციალისტური პარტია,workers_socialist,231,local_2017;local_2021;parl_2016,1
მწვანეთა პარტია,greens_geo,53,local_2025,1
ნაციონალური მოძრაობა,unm,2,local_2014,1
ნინო ბურჯანაძე - ერთიანი ოპოზიცია,burjanadze_united_opposition_2014,1599,local_2014,1
ნინო ბურჯანაძე − ერთიანი ოპოზიცია,burjanadze_united_opposition_2014,816,local_2014,1
ნინო ბურჯანაძე ერთიანი ოპოზიცია,burjanadze_united_opposition_2014,2,local_2014,1
ნინო ბურჯანაძე-ერთიანი საქართველო-დემოკრატიული მოძრაობა,democratic_movement,144,parl_2020,1
"ოპოზიცია (კახა კუკავა, ფიქრია ჩიხრაძე)",nonparliamentary_opposition_2014,2,local_2014,1
"პ/გ - ""საქართველოს პატრიოტთა ალიანსის"" წევრი",patriots,136,parl_2020,1
"პ/გ ""ახალი ქრისტიან-დემოკრატები""",chkheidze,1,pres_2018,1
"პ/გ ""ევროპული საქართველო  მოძრაობა თავისუფლებისთვის""",bakradze,1,pres_2018,1
"პ/გ ""ეროვნულ-დემოკრატიული პარტია"" (ედპ)",iashvili,1,pres_2018,1
"პ/გ ""თავისუფალი დემოკრატები""",usupashvili,1,pres_2018,1
"პ/გ ""თავისუფალი საქართველო""",kukava,1,pres_2018,1
"პ/გ ""მოძრაობა თავისუფალი საქართველოსთვის""",gorgadze,1,pres_2018,1
"პ/გ ""სამართლიანობის აღდგენის კავშირი ხმა ერისა: უფალია ჩვენი სიმართლე""",saluashvili,1,pres_2018,1
"პ/გ ""სამოქალაქო პლატფორმა  ახალი საქართველო""",baghdavadze,1,pres_2018,1
"პ/გ ""ქრისტიან დემოკრატიული მოძრაობა""",gabunia,1,pres_2018,1
"პ/გ პარტია ""საქართველო""",liluashvili,1,pres_2018,1
პ/გ ჩვენ თვითონ,adj2008_chven_tviton,31,adj_2008,1
პაატა ბურჭულაძე - სახელმწიფო ხალხისთვის,burchuladze,28,adj_2016,1
"პარტია ""საქართველო""",georgia_party,160,parl_2020,1
პარტია(ქრისტიან დემოკრატები),christian_democrats_2014,1,local_2014,1
"პოლიტიკური გაერთიანება ""ახალი მემარჯვენეები""",new_rights_2012,149,parl_2012,1
"პოლიტიკური გაერთიანება ""საქართველოს მშრომელთა საბჭო""",workers_socialist,123,parl_2012,1
პოლიტიკური გაერთიანება “საქართველოს სპორტსმენთა კავშირი”,sports_union_2008,101,parl_2008,1
"პოლიტიკური გაერთიანება ""სახალხო პარტია""",peoples_party,105,parl_2012,1
პოლიტიკური გაერთიანება „ქართული დასი”,adj2008_kartuli_dasi,5,adj_2008,1
პოლიტიკური გაერთიანება “ქრისტიანულ-დემოკრატიული ალიანსი (ქდა)”,christian_democratic_alliance_2008,171,parl_2008,1
პოლიტიკური გაერთიანება „ჩვენ თვითონ”,adj2008_chven_tviton,3,adj_2008,1
პოლიტიკური მოძრაობა,veterans_patriots_2014,1,local_2014,1
"პოლიტიკური მოძრაობა ""თავისუფლება -  ზვიად გამსახურდიას გზა""",tskharagauli,1,pres_2018,1
"პოლიტიკური მოძრაობა ""თავისუფლება - ზვიად გამსახურდიას გზა""",freedom_gamsakhurdia,115,parl_2012,1
პოლიტიკური მოძრაობა “თავისუფლება”,freedom_2010,88,local_2010,1
პოლიტიკური მოძრაობა „მრეწველობა გადაარჩენს საქართველოს”(მგს),industry_sakartvelo,1,adj_2008,1
პოლიტიკური მოძრაობა „მრეწველობა გადაარჩენს საქრთველოს”(მგს),industry_sakartvelo,5,adj_2008,1
პოლიტიკური მოძრაობა “სოლიდარობა”,solidarity_2010,11,local_2010,1
პოლიტიკური პარტია “მომავალი საქართველო”,future_georgia,6,local_2010,1
პოლიტიკური პარტია “ჩვენი ქვეყანა”,our_country_2008,1,local_2010,1
პროგრესულ-დემოკრატიული მოძრაობა,progressive_democratic_2017,50,local_2017,1
"პროგრესულ-დემოკრატიული მოძრაობა (""თქვენგან, თქვენთვის, თქვენთან ერთად!"")",progressive_democratic_2016,20,parl_2016,1
"პროგრესულ-დემოკრატიული მოძრაობა (თქვენგან, თქვენთვის, თქვენთან ერთად!)",progressive_democratic_2016,100,parl_2016,1
პროგრესული საქართველო,progressive_georgia,126,parl_2020,1
რესპუბლიკური პარტია,republicans_2016,55,local_2017,1
რეფორმატორები,reformators,123,parl_2020,1
რუსეთის სოციალ-დემოკრატთა მუშათა პარტია,sdwpr_1919,12,parl_1919,1
საარჩევნო ბლოკი - „ნინო ბურჯანაძე - დემოკრატიული მოძრაობა“,burjanadze_democratic,36,adj_2016,1
"საარჩევნო ბლოკი „ბაქრაძე, უგულავა-ევროპული საქართველო”",european_georgia,2471,local_2017,1
"საარჩევნო ბლოკი “გაერთიანებული ოპოზიცია (ეროვნული საბჭო, მემარჯვენეები)”",united_opposition_2008,164,parl_2008,1
საარჩევნო ბლოკი „გიორგი ვაშაძე - ერთობა ახალი საქართველო”,vashadze_2017,369,local_2017,1
საარჩევნო ბლოკი „გიორგი ვაშაძე - ერთობა ახალი საქართველო” გოჩა ომაიძე 2017 წლის 21 ოქტომბრის მუნიციპალიტეტის წარმომადგენლობითი ორგანოს -საკრებულოსა და,vashadze_2017,1,local_2017,1
საარჩევნო ბლოკი „გიორგი ვაშაძე-სტრატეგია აღმაშენებელი”,agmashenebeli,157,parl_2020,1
"საარჩევნო ბლოკი „დავით თარხან-მოურავი, ირმა ინაშვილი - საქართველოს პატრიოტთა ალიანსი, გაერთიანებული ოპოზიცია”",patriots,71,parl_2016,1
"საარჩევნო ბლოკი „დიმიტრი ლორთქიფანიძე, კახა კუკავა-დემოკრატიული მოძრაობა-თავისუფალი",yes,29,local_2017,1
"საარჩევნო ბლოკი „დიმიტრი ლორთქიფანიძე, კახა კუკავა-დემოკრატიული მოძრაობა-თავისუფალი საქართველო”",free_georgia,1652,local_2017,1
საარჩევნო ბლოკი „ერთიანი ნაციონალური,yes,2,local_2017,1
საარჩევნო ბლოკი „ერთიანი ნაციონალური მოძრაობა-გაერთიანებული ოპოზიცია „ძალა ერთობაშია”,unm,25,parl_2020,1
საარჩევნო ბლოკი „ერთიანი ნაციონალური მოძრაობა”,unm,2363,local_2017;parl_2016,1
საარჩევნო ბლოკი „ერთიანი ნაციონალური მოძრაობა” მარინა დათუკიშვილი 2017 წლის 21 ოქტომბრის მუნიციპალიტეტის წარმომადგენლობითი ორგანოს -საკრებულოსა და თვითმმართველი ქალაქის/თვითმმართველის თემის,unm,1,local_2017,1
საარჩევნო ბლოკი „ერთიანი ნაციონალური მოძრაობა” სანდრა,unm,1,parl_2016,1
"საარჩევნო ბლოკი „თოფაძე - მრეწველები, ჩვენი სამშობლო”",industry_sakartvelo,33,parl_2016,1
"საარჩევნო ბლოკი “მემარჯვენე ალიანსი, თოფაძე–მრეწველები (მ.გ.ს., ერთობა, ე.დ.პ.)”",right_alliance_2008,112,parl_2008,1
საარჩევნო ბლოკი „ნინო ბურჯანაძე - დემოკრატიული მოძრაობა”,burjanadze_democratic,49,parl_2016,1
საარჩევნო ბლოკი „პაატა ბურჭულაძე - სახელმწიფო ხალხისთვის”,burchuladze,57,parl_2016,1
საარჩევნო ბლოკი „სახალხო-ხალხის ერთსულოვნება”,peoples_unity_2017,146,local_2017,1
საარჩევნო ბლოკი “ტრადიციონალისტები – ჩვენი საქართველო და ქალთა პარტია”,traditionalists,171,parl_2008,1
საარჩევნო ბლოკი „ჩვენები - სახალხო პარტია”,chvenni_peoples,26,parl_2016,1
"საარჩევნო ბლოკი დავით თარხან-მოურავი, ირმა ინაშვილი - საქართველოს პატრიოტთა ალიანსი, გაერთიანებული ოპოზიცია",patriots,201,parl_2016,1
საარჩევნო ბლოკი ერთიანი ნაციონალური მოძრაობა,unm,226,parl_2016,1
"საარჩევნო ბლოკი თოფაძე - მრეწველები, ჩვენი სამშობლო",industry_sakartvelo,109,parl_2016,1
საარჩევნო ბლოკი ნინო ბურჯანაძე - დემოკრატიული მოძრაობა,burjanadze_democratic,163,parl_2016,1
საარჩევნო ბლოკი პაატა ბურჭულაძე - სახელმწიფო ხალხისთვის,burchuladze,177,parl_2016,1
საარჩევნო ბლოკი ჩვენები - სახალხო პარტია,chvenni_peoples,198,parl_2016,1
"საარჩევნო სუბიექტი ""სახალხო მოძრაობა""",peoples_movement_2012,118,parl_2012,1
საინიციატივო,initiative_group,1,local_2014,1
საინიციატივო ჯგუფი,initiative_group,11,local_2017,4
საინიციატივო ჯგუფი,maisashvili,1,pres_2008,4
საინიციატივო ჯგუფი,patarkatsishvili,1,pres_2008,4
საინიციატივო ჯგუფი,sarishvili_chanturia,1,pres_2008,4
"საინიციატივო ჯგუფი - 01. ნონა ცერცვაძე, შორენა ცალუღელაშვილი, მარიამი კახნიაშვილი, დავით კახნიაშვილი, ანა შერგელაშვილი",initiative_group,1,local_2017,1
"საინიციატივო ჯგუფი - 02. ჯუანშერ მაღლაკელიძე, ტრისტანი არეშიძე, ზაზა ბერიძე, ალექსანდრე ზიბზიბაძე, უჩა მაღლაკელიძე",initiative_group,1,local_2017,1
"საინიციატივო ჯგუფი - 05. აკაკი კუპატაძე, შალვა კაკაურიძე, გიორგი კაპანაძე, დავით ჭულუხაძე, უჩა ჭანტურიძე",initiative_group,1,local_2017,1
"საინიციატივო ჯგუფი - 08. გიორგი ჭანკვეტაძე, ივანე კახნიაშვილი, თეიმურაზ არაბიძე, დავით ჭიჭინაძე, გაგა არაბიძე",initiative_group,1,local_2017,1
"საინიციატივო ჯგუფი - 1. აიკუშ წარუკიან, ნათელა წარუკიან, სერგეი წარუკიან, კარენ ხაჩატრიან, სამველ არისტაკესიან",initiative_group,1,local_2017,1
"საინიციატივო ჯგუფი - 1. არტავაზდ რსტაკიან, რაფიკ გურჯანიან, ავთანდილ მაზმანიშვილი, ვაჰან ღაზარიან, რომიკ პარაკესიკიან",initiative_group,1,local_2017,1
"საინიციატივო ჯგუფი - 1. ზვიადი ღვინიაშვილი, პაატა საბაძე, რატი საბაძე, ნინო ოსიძე, მერაბი საბაძე",initiative_group,1,local_2017,1
"საინიციატივო ჯგუფი - 1. თორნიკე ჩუხუა,გურამი ჩუხუა,ილო გაბელია,ორდენ ჩუხუა,ზვიად ჩუხუა",initiative_group,1,local_2017,1
საინიციატივო ჯგუფი - 1. იზოლდა ნაროუშვილი; დავით უნდილაშვილი; მზია ლაბაური; ბესიკ ჩალაური; გიორგი საგინაშვილი.,initiative_group,1,local_2017,1
"საინიციატივო ჯგუფი - 1. ნიკოლოზი ადუაშვილი;რომანი ოქრიაშვილი, ანზორი დევნოზაშვილი,ალზირა დევნოზაშვილი, მუბარის ყურბანოვ",initiative_group,1,local_2017,1
"საინიციატივო ჯგუფი - 1. სოფიკო ქურდაძე, ირაკლი კახიძე, ქეთევანი კახიძე,გიორგი ხვედელიძე, გია თუშურაშვილი",initiative_group,1,local_2017,1
"საინიციატივო ჯგუფი - 2. გიორგი ყაველაშვილი, კონსტანტინე კობახიძე, ზურაბი კახიძე, დავითი ყანჩაშვილი, გიორგი ბრეგვაძე.",initiative_group,1,local_2017,1
"საინიციატივო ჯგუფი - 2. მინდია ჯეირანაშვილი, თორნიკე ღოღელიანი, ვალერიან ჭუნაშვილი, იოსები მანაგაძე, ივანე შიოლაშვილი",initiative_group,1,local_2017,1
"საინიციატივო ჯგუფი - 2. ტიგრან პეპანიან, ხაჩატურ ზადოიან, არტურ გალუსტიან, აგაბეკ აგაჯანოვი, გაგიკ გალუსტიან",initiative_group,1,local_2017,1
"საინიციატივო ჯგუფი - 201. გიორგი მამალაძე, ივანე მამალაძე, თამარა ჟღენტი, ნანა თოდრია, სიმონ მამალაძე.",initiative_group,1,local_2017,1
"საინიციატივო ჯგუფი - 203. გერონტი თოდრია, ირაკლი თოდრია, ანზორი თოდრია, ზურაბ უღრელიძე, ილარიონ მეფარიშვილი",initiative_group,1,local_2017,1
"საინიციატივო ჯგუფი - 223. ნუკრი ლომთათიძე, ავთანდილ კიკვაძე, გია ლომინეიშვილი, ლალი ლომინეიშვილი, მზია კიკვაძე.",initiative_group,1,local_2017,1
"საინიციატივო ჯგუფი - 224. ნუკრი ირემაძე, აკაკი ტუნაძე, თამაზი ჭელიძე, ლევან რამიშვილი, გოჩა რამიშვილი",initiative_group,1,local_2017,1
"საინიციატივო ჯგუფი - 234. ნიკა შათირიშვილი, ლაშა შათირიშვილი, ვალერიან ტრაპაიძე, ლილი ტრაპაიძე, მამუკა ტრაპაიძე",initiative_group,1,local_2017,1
"საინიციატივო ჯგუფი - 26. რევაზ სალაძე, ედუარდ ბოსტოღანაშვილი, გოჩა მელიქიშვილი, დავით ბუცხრიკიძე, დავით სამუნაშვილი",initiative_group,1,local_2017,1
"საინიციატივო ჯგუფი - 3. გიორგი ბასლიკაშვილი, ვალერი მამისაშვილი, რამაზი კევლიშვილი, მიხეილ დიღმელაშვილი, მიხეილ გორელაშვილი",initiative_group,1,local_2017,1
"საინიციატივო ჯგუფი - 3. თამაზ სირაძე, შორენა ქათამაძე, დათო ქათამაძე, ნათია ვაშაყმაძე, თეონა ვაშაყმაძე",initiative_group,1,local_2017,1
"საინიციატივო ჯგუფი - 3. ილია ყავრელიშვილი, ფრიდონ ბალახაძე, ნიკოლაი აჩელაშვილი, კახა ხმალაძე, პეტრე წინწკალაძე",initiative_group,1,local_2017,1
"საინიციატივო ჯგუფი - 3. ნათია გვილია,გიორგი კიტია,ავთანდილ შონია,იური კვარაცხელია,გია ლატარია",initiative_group,1,local_2017,1
"საინიციატივო ჯგუფი - 3. რამინი ქებურია,ვალუტა ქირია,გია ჩაკაბერია,როზა მუშუქია,თეიმურაზი სიჭინავა",initiative_group,1,local_2017,1
"საინიციატივო ჯგუფი - 31. თენგიზ ბაბუნაშვილი, თამარ კუპრაშვილი, ნატალია თოფურია, ვასილ მელიქიძე, მიხეილ ზლოდეევი",initiative_group,1,local_2017,1
"საინიციატივო ჯგუფი - 4. გიორგი ნიბლოშვილი, მერაბი ქმოსტელი, თეიმურაზ ბუჯიაშვილი, ლერი დევლარიშვილი,ხვიჩა თამაზაშვილი",initiative_group,1,local_2017,1
"საინიციატივო ჯგუფი - 4. ელგუჯა გიგლემიანი, ერეკლე ფირცხელიანი, ნინო გიგლემიანი, მამუკა მარკოიძე, დარეჯან იარლოვა",initiative_group,1,local_2017,1
"საინიციატივო ჯგუფი - 4. თამაზ ნათენაძე, ვანო ნათენაძე, ნაზი ხოსიტაშვილი, მანთაშო კოჟორიძე, საბა ნათენაძე",initiative_group,1,local_2017,1
"საინიციატივო ჯგუფი - 4. მზეონა გაბედავა,დავარი კვარაცხელია,შორენა ღურწკაია,მამუკა გაბედავა,ნანი თოდუა",initiative_group,1,local_2017,1
"საინიციატივო ჯგუფი - 42. გოგიტა კუპრეიშვილი, ლაშა კუპრეიშვილი, სულხანი ალანია, იამზე ქვილითაია, გოჩა კუჭუხიძე.",initiative_group,1,local_2017,1
"საინიციატივო ჯგუფი - 42. გოჩა პაქსაძე, მელანო პაქსაძე, გენად პაქსაძე, ნარგიზ ბოლქვაძე, მურად პაქსაძე",initiative_group,1,local_2017,1
"საინიციატივო ჯგუფი - 42. დავით გვაზავა,გურამ სილაგავა,გონელი ჯღარკავა,გურამ სურმავა,ირაკლი სილაგავა",initiative_group,1,local_2017,1
"საინიციატივო ჯგუფი - 42. ეთერ უჩავა,გულვერ ჯღარკავა,შორენა",initiative_group,1,local_2017,1
"საინიციატივო ჯგუფი - 42. ელვარდი ჭანტურია, ირა ჯულაყიძე, რომან გაბელაია, ნანა გაბელაია, ლევან გაბელაია",initiative_group,1,local_2017,1
"საინიციატივო ჯგუფი - 42. ვასილ გოგიშვილი,ტრისტან გიგაური,ეთერ ქენქაძე, ელენა გოგოლაური, ლევან დემეტრაშვილი.",initiative_group,1,local_2017,1
"საინიციატივო ჯგუფი - 42. ზაზა გამზარდია, დავითი ცომაია, ნათელა რუსია, ნაირა ლეკიშვილი, თამარ სტურუა",initiative_group,1,local_2017,1
"საინიციატივო ჯგუფი - 42. თეიმურაზი კეკელიძე, სპირიდონ სურმავა, მამუკა კეკელიძე, ივანე ჯანაშია, ოლეგი ჩიტეიშვილი",initiative_group,1,local_2017,1
"საინიციატივო ჯგუფი - 42. თემურ ბოლქვაძე, ასლან დუმბაძე, ბეჟან ბოლქვაძე, ბაგრატ აბულაძე, ნანა ბოლქვაძე",initiative_group,1,local_2017,1
"საინიციატივო ჯგუფი - 42. თეონა ქუთათელაძე, ვინარი ქუთათელაძე,თეიმურაზ ქუთათელაძე, თამარი ფირცხალავა, დავით მაჭარაძე",initiative_group,1,local_2017,1
"საინიციატივო ჯგუფი - 42. თორნიკე პერტენავა, ნარგიზა ქოიავა, ბექა თოფურია, გიორგი რუბენია, ბეჟანი კორძახია",initiative_group,1,local_2017,1
"საინიციატივო ჯგუფი - 42. ირაკლი მიქაძე, შოთა მიქაძე, ემზარ რუსია, პაატა ნაუმოვი, ზაალი ნაუმოვი.",initiative_group,1,local_2017,1
"საინიციატივო ჯგუფი - 42. ლაშა ხუროძე, გიული ჩაგუნავა, გიორგი გიორხელიძე,თემურ ჩაკვეტაძე, ირაკლი ფირცხალავა",initiative_group,1,local_2017,1
"საინიციატივო ჯგუფი - 42. მამუკა სხულუხია,ოქროპირ ბერიშვილი,არკად ცაავა, ვახტანგ ჭედიშვილი,დიმა ნაჭყებია",initiative_group,1,local_2017,1
"საინიციატივო ჯგუფი - 42. ნინო ზაქრაძე, ბონდო ლორია, ბადრი ლორია, გულნარა ჩაჩუა, ვენერა შალვაძე",initiative_group,1,local_2017,1
"საინიციატივო ჯგუფი - 42. ჟირონი ხუჯაძე,ლევანი ანდრიაძე, იზოლდა ანდრიაძე, კოტე ანდრიაძე, თამილა ანდრიაძე",initiative_group,1,local_2017,1
"საინიციატივო ჯგუფი - 42. რამაზ ხიმშიაშვილი, იამზე ტარიელაძე, როლანდ თურმანიძე, ნოდარ ქამადაძე, თამილა კეკელიძე",initiative_group,1,local_2017,1
"საინიციატივო ჯგუფი - 42. რევაზ რურუა,გოჩა სართანია,თემურ სიგუა,ენვერ ძაგანია,რამაზ რურუა.",initiative_group,1,local_2017,1
"საინიციატივო ჯგუფი - 42. რეზო ტაკიძე, შორენა ტაკიძე, სერგო ტაკიძე, ასმათ ბოლქვაძე, ზურაბ ტაკიძე",initiative_group,1,local_2017,1
"საინიციატივო ჯგუფი - 42. სერგო ირემაშვილი, ლია ბასიაშვილი,ლალი გელიაშვილი,ქეთევან დავლაშერიძე,ელზა გორგაძე.",initiative_group,1,local_2017,1
"საინიციატივო ჯგუფი - 42. ქუხილავა თორნიკე,ლომია ზაური,ფიფია გოგა,ლევან ფიფია,ფიფია კალისტრატე",initiative_group,1,local_2017,1
"საინიციატივო ჯგუფი - 42. შორენა ბედია,ლევან დანელია,ლილი ციცხვაია,ინეზა გაწერელია,თეიმურაზ ჟორდანია.",initiative_group,1,local_2017,1
"საინიციატივო ჯგუფი - 42. ციალა შავაძე, მთვარისა კირთაძე, თინა ბოლქვაძე, ასმათ კოჩალიძე, დალი თავართქილაძე",initiative_group,1,local_2017,1
"საინიციატივო ჯგუფი - 42. ხვიჩა ცეცხლაძე, ლერი ფუტკარაძე, ინგა ცეცხლაძე, გულნაზ ტაკიძე, რუბენ გუნდაძე",initiative_group,1,local_2017,1
"საინიციატივო ჯგუფი - 44. ამირან საგინაძე, სულიკო საგინაძე, თენგიზ საგინაძე, ნუგზარ საგინაძე, მიხეილ საგინაძე",initiative_group,1,local_2017,1
"საინიციატივო ჯგუფი - 45. ომარ პაქსაძე, ამირან ხმალაძე, როლანდ გელაძე, გენადი გელაძე, ბადრი ძირკვაძე",initiative_group,1,local_2017,1
"საინიციატივო ჯგუფი - 5. ასლან ბოლქვაძე, ლევან ხარაბაძე, ბადრი მუშარბაძე, ზაზა ბოლქვაძე, ედნარ ირემაძე",initiative_group,1,local_2017,1
"საინიციატივო ჯგუფი - 5. რინული ნოდია,ნანული ნიკოლავა,ბაკური შურღაია,გულნაზი ბენდელიანი,ვიტალი ცხადაია",initiative_group,1,local_2017,1
"საინიციატივო ჯგუფი - 5. შორენა ოსიძე, ბაირამ პაქსაძე, გელა პაქსაძე, ვენერა მაღრაძე, ელგუჯა მაღრაძე",initiative_group,1,local_2017,1
"საინიციატივო ჯგუფი - 6. ალექსანდრე არაჰამია,გონერი ბუკია,ლადო ბუკია,სევერიანე არაჰამია ,ბექა ლაგვილავა",initiative_group,1,local_2017,1
"საინიციატივო ჯგუფი - 6. დავით არაქელიან, სანდრიკ ალექსანიან, მუშეღ სტეპანიან, სერიოჟა ქეროპიან, ვარშამ მაკარიან",initiative_group,1,local_2017,1
"საინიციატივო ჯგუფი - 6. მზიური ბოლქვაძე, რამინ ჯოყილაძე, ზებურ აბუსელიძე, გენადი თავართქილაძე, პაატა ჯორბენაძე",initiative_group,1,local_2017,1
"საინიციატივო ჯგუფი - 7. არტურ ასლანიან, გრიგორ სტეპანიან, სტეპან შირინიან, პეტროს სტეპანიან, ვილგენ ვარდანიან",initiative_group,1,local_2017,1
"საინიციატივო ჯგუფი - 7. თურან თაზახანოვი, მახმად ალაზოვი, ორუჯ მირზალიევი, ისმაილ ისაევი, საბუთაი ალიევი",initiative_group,1,local_2017,1
"საინიციატივო ჯგუფი - ავთანდილ თეგეთაშვილი,არჩილ მიგრიაული,შალვა წიკლაური,კობა კობაიძე,ზურაბ ბექაური",initiative_group,1,local_2017,1
"საინიციატივო ჯგუფი - ავთანდილ ხოზრევანიძე, გივი აბაშიძე, ომარ ქამადაძე, დათუნა ჯოყილაძე, თენგიზ თავართქილაძე.",initiative_group,1,local_2017,1
"საინიციატივო ჯგუფი - ავთანდილი ჯოხაძე, გიორგი ფცქიალაძე, ვლადიმერი ბაქრაძე, ნოდარი ბუთხუზი, გიორგი ყავრელიშვილი",initiative_group,1,local_2017,1
"საინიციატივო ჯგუფი - ალადინ გარაბაგლი,კამილ მუსაევი,ფარმან ისმაილოვი,რაშიდ ორუჯოვი,ელვარ გასანოვ",initiative_group,1,local_2017,1
"საინიციატივო ჯგუფი - ალექსანდრე ლობჯანიძე, ტარიელი გავაშელი, გივი ლობჯანიძე, ზაალ გოგრიჭიანი, ლალი მეტრეველი",initiative_group,1,local_2017,1
"საინიციატივო ჯგუფი - ალექსანდრე მესაბლიშვილი;კობა ჯველაური; აკაკი დავიდოვი, გიორგი ჭილაშვილი; ლაშა ერთგულაშვილი",initiative_group,1,local_2017,1
"საინიციატივო ჯგუფი - ალექსი კაპანაძე, პაატა გელაშვილი, გიორგი გაგნიძე, იაგო ხაჩიძე, ინგა დავრაშელიძე.",initiative_group,1,local_2017,1
საინიციატივო ჯგუფი - ალექსი ყიფიანი;გიორგი მელქუაშვილი;ალექსანდრე ალექსანაშვილი;ლევან თათარაშვილი;გოგი მაისურაძე,initiative_group,1,local_2017,1
"საინიციატივო ჯგუფი - ამირან ფუტკარაძე, მამული ღლონტი, დავით ლეჟავა, ზურაბ ვასაძე, აივენგო ქუტიძე",initiative_group,1,local_2017,1
"საინიციატივო ჯგუფი - ანნა ჯანგირაშვილი, გიორგი ხეიძე, ნინო ბუჩუკური, ხატია კვირკვეიშვილი, რომანი თანიაშვილი",initiative_group,1,local_2017,1
"საინიციატივო ჯგუფი - არმენ არუთიუნიანი,სარქის მანუჩარიანი,, ზორენ სარგისიანი,არშაკ სუგიანი,კარინე მინასიანი, სლავიკ აბგარიანი",initiative_group,1,local_2017,1
"საინიციატივო ჯგუფი - ასლან ჯორთმენაძე,გიორგი შაქარაძე,ედნარ ძნელაძე,ნუკრი შაქარაძე,ზვიად ბეჟანიძე",initiative_group,1,local_2017,1
"საინიციატივო ჯგუფი - აქვსენტი გელაშვილი, ნანული მოდებაძე, ნანა მერმანიშვილი, ბიჭიკო ცხოვრებოვი, ირინე ჭუმბურიძე.",initiative_group,1,local_2017,1
"საინიციატივო ჯგუფი - აქვსენტი ქუთათელაძე, რევაზი ცქვიტინიძე, ნინა ვასაძე, ლავრენტი ვასაძე, რომან ინწკირველი",initiative_group,1,local_2017,1
"საინიციატივო ჯგუფი - ბახადინ გუსეინოვი, ალტაი გასიმოვი,მეხფარე კასუმოვა,მინავარ გასიმოვა,ნურაი კასუმოვა",initiative_group,1,local_2017,1
"საინიციატივო ჯგუფი - ბახმან გასანოვი, სახილ ისმაილოვი, როიალ ბადალოვი, ორუჯ კასუმოვი, ნამიგ კურბანალიევი",initiative_group,1,local_2017,1
"საინიციატივო ჯგუფი - ბეგლარ წითელაძე,მერაბ ხალვაში,ავთანდილ შარაძე,მაკა წითელაძე,ეკატერინე წითელაძე",initiative_group,1,local_2017,1
"საინიციატივო ჯგუფი - ბესარიონ ნიკურაძე, ჯაბა ნიკურაძე, თეა მეგენეიშვილი, მურმან ნიკურაძე, დათო ნიკურაძე",initiative_group,1,local_2017,1
საინიციატივო ჯგუფი - ბესლან ბაღაკაშვილი; ზეზვა გუნაშაშვილი; ელიოზ კუშტანაშვილი; გია კუშტანაშვილი; ბერდია ისახაშვილი,initiative_group,1,local_2017,1
საინიციატივო ჯგუფი - ბიძინა ცაძიკიძე; გიორგი ქარსამაული; იოსებ ბექურაიძე; ნინო იაკობაშვილი;დავით ბელადიძე,initiative_group,1,local_2017,1
"საინიციატივო ჯგუფი - ბორისი მაჭარაშვილი, რობიზონი ხარებაშვილი, გიორგი რაზმაძე, ნანა ივანეიშვილი, ლიანა გოგოსაშვილი.",initiative_group,1,local_2017,1
"საინიციატივო ჯგუფი - გაზდელიანი აზა,ბაბლუანი ვასილ, ზურაბიანი იროდი, ბაბლუანი ტარიელ , ლიპარტელიანი მარინა .",initiative_group,1,local_2017,1
"საინიციატივო ჯგუფი - გალაქტიონ გულბანი, მერი პირველი, ლერი ხვისტანი, თამარი პირველი, ლელა პირველი",initiative_group,1,local_2017,1
"საინიციატივო ჯგუფი - გელა ბახბავა, პეტრე სურმავა, ნიკა მატკავა, გიორგი უჩანეიშვილი, გიორგი სიჭინავა",initiative_group,1,local_2017,1
"საინიციატივო ჯგუფი - გელა, არაბული, ტარიელ არაბული, ლილი არაბული, ალუდა წიკლაური, გიორგი არაბული",initiative_group,1,local_2017,1
"საინიციატივო ჯგუფი - გია არღვლიანი, ამინათ ხორგუანი, ირაკლი კვიციანი, მაიზერ კვიციანი, სეფე არღვლიანიღ",initiative_group,1,local_2017,1
"საინიციატივო ჯგუფი - გივი ლომთაძე, გუგული კახიძე,თამარ კახიძე, ამირან კახიძე,გიზო ლომთაძე.",initiative_group,1,local_2017,1
"საინიციატივო ჯგუფი - გივი ჩუბინიძე,ვალერიანი გიორგაძე, გოჩა გიორგაძე, გელა გამეზარდაშვილი, ცეზარი ჭანტურიძე",initiative_group,1,local_2017,1
"საინიციატივო ჯგუფი - გიორგი ბატიაშვილი,ზვიადი ელიზბარაშვილი, ზურაბი მამულაშვილი, თამაზი ბაღიშვილი, მარეხ ბერიძიშვილი",initiative_group,1,local_2017,1
"საინიციატივო ჯგუფი - გიორგი ივანიშვილი,როლანდი აფუაშვილი,მევლუდი ფალავანდიშვილი,ნიკოლოზ მდივანი,ბექა ბეგიაშვილი",initiative_group,1,local_2017,1
"საინიციატივო ჯგუფი - გიორგი ჯავახიშვილი, პაატა დაუშვილი, თეიმურაზ დუმბაძე, რამაზ ჯავახიშვილი, ზაზა სულაბერიძე",initiative_group,1,local_2017,1
"საინიციატივო ჯგუფი - გოჩა ერქომაიშვილი, ნადია კახიანი, ვალიდა გაბედავა, დალი ჯაფარიძე, ივანე ხომერიკი",initiative_group,1,local_2017,1
"საინიციატივო ჯგუფი - გოჩა პაპავა, ნური ფირცხალაიშვილი, ჯამბულ პაპავა, დარეჯან ფირცხალაიშვილი, ნანა დეისაძე",initiative_group,1,local_2017,1
"საინიციატივო ჯგუფი - გუგულა მეგრელიშვილი,ნათელა ყიფიანი,თამარი ჭიღლაძე,რუსუდან ყაველაშვილი, ზოია შალამბერიძე.",initiative_group,1,local_2017,1
"საინიციატივო ჯგუფი - გურჯანი გიგაშვილი, გურამი ბრეგვაძე, გიორგი კვანტიძე, ბექა გიორგაძე, ვანო ჭუმბურიძე",initiative_group,1,local_2017,1
"საინიციატივო ჯგუფი - დავით ბაკაშვილი, გიორგი არევაძე, რამაზი არევაძე, თამაზ მჭედლიძე, ზაზა ქველაძე.",initiative_group,1,local_2017,1
"საინიციატივო ჯგუფი - დავით ბირკაძე, რევაზ სვანიძე, შალვა მზარეულიშვიილი,ნიკა მუყასშვილი,ლევანი კოშაძე.",initiative_group,1,local_2017,1
"საინიციატივო ჯგუფი - დავით სტეფანია, ნატო თევდორაძე, გიორგი შავდია, ოლეგ მუკბანიანი, გიორგი შავდია",initiative_group,1,local_2017,1
"საინიციატივო ჯგუფი - დავით სტეფანოვი, ჯემალ ცერიაშვილი, ანზორ ჭანკოტაძე, დავით ხაჩიძე, ნუკრი სტეფანოვი.",initiative_group,1,local_2017,1
"საინიციატივო ჯგუფი - დავით ქაჯაია, მედული ბასიშვილი, დავით გოგალაძე, ლიანა გაგლოშვილი, ნაირა ბლიაძე.",initiative_group,1,local_2017,1
"საინიციატივო ჯგუფი - დავითი ციცვიძე, ირმა ციცვიძე, ბონდო ლაშხი, ნიკოლოზი ლობჟანიძე, სვეტლანა პაპაშვილი",initiative_group,1,local_2017,1
"საინიციატივო ჯგუფი - დალილა ძირკვაძე, კაბატოვა მელანია, ჩარკვიანი ფატიმა, ონიანი თორნიკე, ბოლქვაძე მინდია",initiative_group,1,local_2017,1
საინიციატივო ჯგუფი - ეგნატე მიქელაძე;ვახტანგი ქააძე;ამირანი ნუიშვილი;იოსები მიქელაძე;ილია ჭრელაშვილი,initiative_group,1,local_2017,1
"საინიციატივო ჯგუფი - ეკატერინე მარჯანიძე, ნონა კვინიკაძე, თამუნა ორჩალიევა, მარინე მარჯანიძე, ზურაბ მარჯანიძე",initiative_group,1,local_2017,1
"საინიციატივო ჯგუფი - ეკატერინე მიქავა, ბადრი თავაძე, თამაზი ჯოჯუა, გიორგი სულაქველიძე, ლეონადი ძიძიგური",initiative_group,1,local_2017,1
"საინიციატივო ჯგუფი - ელევნორა ფარჯიანი, დოდო კვიციანი, თამაზ ფარჯიანი, ამირან ფარჯიანი, ჯანიკო ფარჯიანი",initiative_group,1,local_2017,1
საინიციატივო ჯგუფი - ემზარი ვალიშვილი; დავითი ღუბიანური; გოგია სოხურაშვილი; ლევანი თორღვაშვილი;ქეთევანი ქეშიკაშვილი,initiative_group,1,local_2017,1
"საინიციატივო ჯგუფი - ესმა მეხრიშვილი, ლიდა მულაძე, ლიდა მოსიაშვილი, შორენა ნინიაშვილი, თეიმურაზ მეხრიშვილი.",initiative_group,1,local_2017,1
"საინიციატივო ჯგუფი - ვაჟა შარაბიძე, გიორგი პაპუაშვილი, ლევან მაცაბერიძე, მერაბი დონაძე, ლევან დვალი",initiative_group,1,local_2017,1
საინიციატივო ჯგუფი - ვასილ თელაურიძე; ვასილ რაინაული; ლაშა ნაკუდაიძე; ალექსანდრე რაინაული; იოსებ გიგოიძე,initiative_group,1,local_2017,1
"საინიციატივო ჯგუფი - ვეფხია ბოდაველი, ლაშა შარაშიძე, ბელა ჩანადირი, იზაბელა წვერაძე, თინათინი ველთაური",initiative_group,1,local_2017,1
"საინიციატივო ჯგუფი - ზაბიტ მამედოვი,ვალი ტუშდიევი,ხალილბეკ აშიროვი,იმრან ნურიევი,აგამირ გაჯიევი",initiative_group,1,local_2017,1
"საინიციატივო ჯგუფი - ზაზა ბრეგვაძე, რომან ქოჩიაშვილი, კობა ხუციშვილი, გიორგი ქოჩიაშვილი, ამირან მგელაძე",initiative_group,1,local_2017,1
"საინიციატივო ჯგუფი - ზაზა ხურციძე, გოჩა ღუჭაშვილი, ზურაბ პეტრიაშვილი, რომანი ბადალიანი, ჯუმბერ გოგრიჭიანი",initiative_group,1,local_2017,1
"საინიციატივო ჯგუფი - ზაქრო ბარათაშვილი, გურამი სამყურაშვილი, მალხაზი ვაშაძე, ხვიჩა კენჭოშვილი, ბადრი სამყურაშვილი, დარეჯან თაბაგარი",initiative_group,1,local_2017,1
"საინიციატივო ჯგუფი - ზვიადი ხვედელიძე, კობა კაპანაძე, ვალერი შეყელაძე, გელა კობახიძე, ალექსანდრე შეყელაძე.",initiative_group,1,local_2017,1
"საინიციატივო ჯგუფი - ზურაბ კოხრეიძე, გიორგი ესაკია, თეიმურაზ კოხრეიძე, ამირან ლეკვეიშვილი, მაია ხორხომელიძე",initiative_group,1,local_2017,1
"საინიციატივო ჯგუფი - ზურაბ ტიკარაძე, შოთა დოლიძე, ნანა ჩხარტიშვილი, გიორგი ბოლქვაძე, გია იმედაიშვილი",initiative_group,1,local_2017,1
"საინიციატივო ჯგუფი - ზურაბ უნდილაშვილი, თეონა ველთაური, მალხაზ ჯანიაშვილი, ანნა ასლამაზიშვილი, ელენე ასლამაზიშვილი",initiative_group,1,local_2017,1
"საინიციატივო ჯგუფი - ზურაბ ფილიშვილი, ალექსანდრე ზღუდაძე, ვალერი ფილიშვილი, ემზარ ფილიშვილი, ზაზა კაკიაშვილი.",initiative_group,1,local_2017,1
"საინიციატივო ჯგუფი - ზურაბ ღონღაძე, ლია მოდებაძე, რობერტ სუხიაშვილი, თამაზ მელიქიძე, მაია ლომიძე.",initiative_group,1,local_2017,1
"საინიციატივო ჯგუფი - ზურაბი ფარნიაშვილი, ზურაბი ელუაშვილი, ნიკო გიორგაშვილი, გიორგი ნამორაძე, გიორგი მეტრეველი",initiative_group,1,local_2017,1
"საინიციატივო ჯგუფი - თამაზ სოფრომაძე, ირინა სტაროდუბი, რამაზი ბარბაქაძე,თამარი რობაქიძე ,მაგდა ბუიძე",initiative_group,1,local_2017,1
"საინიციატივო ჯგუფი - თამაზ ჩიტაური, გიგლა დათუაშვილი, ფიქრია წოწოლაშვილი, ელა მარკოზაშვილი, მაკა რთველიევი",initiative_group,1,local_2017,1
"საინიციატივო ჯგუფი - თემური ირემაძე, გურამი ბერიძე, მალხაზ ბერიძე, თამაზი ვანაძე, რამაზი ირემაძე",initiative_group,1,local_2017,1
საინიციატივო ჯგუფი - თემური მოზაიძე;გოჩა გოგოთიძე;გურამ კახოიძე; ნოდარ წეწიაიძე;ალბერტ ბექურაიძე,initiative_group,1,local_2017,1
"საინიციატივო ჯგუფი - თენგიზ გოგუაძე, ემზარ გოგიტიძე, დავით კუკუტიძე, ილია გაბუნია, შალვა მეგრელიშვილი",initiative_group,1,local_2017,1
"საინიციატივო ჯგუფი - თენგიზ ნიკოლაშვილი, ნუკრი ზოიძე, მერაბ თოიძე, ტიტე ბაქანიძე, ბადრი პატარავა",initiative_group,1,local_2017,1
"საინიციატივო ჯგუფი - თეონა კუკულაძე., მაია ნიქაბაძე,, ნინო ჟორდანია, ბორის ხოფერია, ამირან პატარაია",initiative_group,1,local_2017,1
"საინიციატივო ჯგუფი - თეონა ძმანაშვილი, ხათუნა ჩინჩალაძე, ტარიელი ჩინჩალაძე, ალექსანდრე სამხარაძე, ელენე ჩინჩალაძე.",initiative_group,1,local_2017,1
"საინიციატივო ჯგუფი - თორნიკე ტიტვინიძე, რამაზი ტიტვინიძე,ოლია კუპატაძე, ნატო გულიაშვილი, ზურმუხტი ტიტვინიძე",initiative_group,1,local_2017,1
"საინიციატივო ჯგუფი - იასინ ისმაილოვი,ნაზიმ ალაგოზოვი,კინიაზ კურბანოვი,ჯამალ შახვერდიევ,გეიდარალი მუსაევი",initiative_group,1,local_2017,1
"საინიციატივო ჯგუფი - ილია ელიაშვილი, მამუკა ბერუაშვილი, ბადრი გლახაშვილი, გელა მახარაშვილი, ილია მეცხვარიშვილი.",initiative_group,1,local_2017,1
"საინიციატივო ჯგუფი - იმედა მაჭარაშვილი, გულიკო ჯუსოევი, თეა მილაშვილი, ნოდარი ბერიძე, ანგელი ჯიოევი",initiative_group,1,local_2017,1
"საინიციატივო ჯგუფი - იოსებ შუბითიძე,ბუდუ კილაძე,გიორგი კაპანაძე, ჯულხა დეკანოიძე, გელა გელალაშვილი.",initiative_group,1,local_2017,1
საინიციატივო ჯგუფი - იური მამარდაშვილი. დალი უგრეხელიძე. გულნარა კუხალაშვილი . რამაზი უგრეხელიძე. ბორისი გოლეთიანი.,initiative_group,1,local_2017,1
"საინიციატივო ჯგუფი - ლანა ღოღობერიძე,თამაზ ნიგალიძე,მინდია შოთაძე,ნუგზარ მალაყმაძე,ზურაბ დავითაძე",initiative_group,1,local_2017,1
საინიციატივო ჯგუფი - ლელა იმერლიშვილი;ირაკლი ნადაშვილი;ნინელი ქაჩლიშვილი;ნინო გიორგაძე;ილია ნადაშვილი;,initiative_group,1,local_2017,1
"საინიციატივო ჯგუფი - ლია ქავთარაძე, ნანული წიკლაური, გელა ქავთარაძე, ელზა ბედოშვილი, ნინო ქავთარაძე",initiative_group,1,local_2017,1
"საინიციატივო ჯგუფი - ლია ჯაფარიძე, ბესიკ ჯაფარიძე, ზაზა ჯაფარიძე, გეგი უდესიანი, მურთაზ ჯაფარიძე",initiative_group,1,local_2017,1
"საინიციატივო ჯგუფი - მაგული რუხაძე, ციალა გოგიტიძე,ვალოდი მურ5ვანიძე, ქეთევან დობორჯგინიძე, ზაურ გოგიტიძე",initiative_group,1,local_2017,1
"საინიციატივო ჯგუფი - მალხაზ ზენაიშვილი, სალომე ზენაიშვილი, იზო ზენაიშვილი, იზოლდა ზენაიშვილი, ლალი სარიშვილი",initiative_group,1,local_2017,1
"საინიციატივო ჯგუფი - მალხაზ იმნაძე, აზა კიკვაძე, ნეზალი სამხარაძე, ნიკა ზენაიშვილი, კონსტანტინე ურუშაძე",initiative_group,1,local_2017,1
"საინიციატივო ჯგუფი - მამუკა კუპატაძე,გიზო გაფრინდაშვილი,სიმონ ნეფარიძე, თეიმურაზ მაჭარაშვილი, დავით კუპატაძე",initiative_group,1,local_2017,1
საინიციატივო ჯგუფი - მამუკა ომარაშვილი;გიორგი ლიპარტაშვილი;ივანე ომარაშვილი;ჯიმშერი დოლენჯაშვილი;ბადური ჯავახიშვილი,initiative_group,1,local_2017,1
"საინიციატივო ჯგუფი - მამუკა ომიაძე, მურმან ჩაჩანიძე, ივანე სკანაძე, ოთარ ჭანკოტაძე, პაატა ნოზაძე.",initiative_group,1,local_2017,1
"საინიციატივო ჯგუფი - მანანა გელაშვილი, თეიმურაზ გოგოლაძე, თემურ ლომიძე, მიხეილ გიორგაძე, სერგო ფასოევი.",initiative_group,1,local_2017,1
"საინიციატივო ჯგუფი - მარიამ თვალავაძე, რევაზ ვაშალომიძე, მიშიკო სალუქვაძე, ირაკლი ჯაში, ჯუმბერ მაჭავარიანი, გიორგი მახარაძე",initiative_group,1,local_2017,1
"საინიციატივო ჯგუფი - მარინე გიგდელიანი, ირინა ჯაფარიძე, ლუბა ხერგიანი, ვლადიმერ ჯაჯვანი, არჩილ ჯაჯვანი",initiative_group,1,local_2017,1
"საინიციატივო ჯგუფი - მერაბ ბზიშვილი, ნაზიკო ბზიშვილი, ზეინაბ ვანიშვილი, როინ მიდელაშვილი, ლევან ვანიშვილი",initiative_group,1,local_2017,1
"საინიციატივო ჯგუფი - მერაბ მელიქიშვილი, ზურაბ მოთიაშვილი, ვაჟა მოთიაშვილი, სალომე ნიკოლაშვილი, დავით ლაზვიაშვილი",initiative_group,1,local_2017,1
"საინიციატივო ჯგუფი - მზია პაპუაშვილი, ნაირა გურგენიძე, ნოდარ კობახიძე, ირა გურგენიძე, ალექსანდრე გურგენიძე",initiative_group,1,local_2017,1
"საინიციატივო ჯგუფი - მიხეილ წილოსანი, გულნაზი გრიგოლია, ჯონი ქურიძე, ანნა წილოსანი, ნატო ავალიანი",initiative_group,1,local_2017,1
"საინიციატივო ჯგუფი - მურად იაკობაძე,ნერიმან აშლარბა,ნინო პაქსაძე,ნათია პაქსაძე,ინგა აშლარბა",initiative_group,1,local_2017,1
"საინიციატივო ჯგუფი - მურთაზ ლაცაბიძე, ალექსანდრე მაღრაძე, გივი შარიქაძე, გიორგი მაღრაძე, ნაირა შარიქაძე",initiative_group,1,local_2017,1
"საინიციატივო ჯგუფი - ნათელა მანელიშვილი,ნინო ტოროტაძე,ნუნუ უშვერიძე,ნაზიბროლა ტოროტაძე,ლეილა ხინთიბიძე",initiative_group,1,local_2017,1
"საინიციატივო ჯგუფი - ნათია ხაჩიძე, გიორგი გაგნიძე, ჟანა ელბაქიძე, გივი ნეკერაშვილი, რამაზ ნეკერაშვილი.",initiative_group,1,local_2017,1
"საინიციატივო ჯგუფი - ნანული გელაშვილი, გოჩა ლომიძე, დიმიტრი ნოზაძე, თინათინი მჭედლიძე, ნინო ნოზაძე",initiative_group,1,local_2017,1
"საინიციატივო ჯგუფი - ნარი შონია, მზია ქურდაძე, თინათინ სამნიაშვილი, ბეგლარ ლოთუაშვილი, ცოტნე გელაშვილი.",initiative_group,1,local_2017,1
"საინიციატივო ჯგუფი - ნიკოლოზ ნიჟარაძე, გულნარა ცარციძე, ლიანა ყველაშვილი, ლავრენტი თოჩიშვილი, მურად თოჩიშვილი",initiative_group,1,local_2017,1
"საინიციატივო ჯგუფი - ნიკოლოზ რუხაძე, როსტომ კაჭახიძე, ეთერ გიგიბერია-კაჭახიძე, ირმა ჯავაშვილი, სალომე გაფრინდაშვილი.",initiative_group,1,local_2017,1
"საინიციატივო ჯგუფი - ნინო გელაშვილი, იოსებ წიქარიშვილი, ნატო დარჩიაშვილი, ამბროსი ტაბატაძე, ნათია ბეჟიაშვილი",initiative_group,1,local_2017,1
საინიციატივო ჯგუფი - ნინო მთივლიშვილი;ნაზიბროლა ამირაძე;მალხაზი ჯოხაძე;დავით ჯოხაძე;ნათია ფოცხვერაშვილი;,initiative_group,1,local_2017,1
საინიციატივო ჯგუფი - ნოდარ მარგოშვილი; ვახტანგი ბაღაკაშვილი; ჯარაფ ქავთარაშვილი; ზვიადი ქავთარაშვილი; ლარისა ქავთარაშვილი,initiative_group,1,local_2017,1
"საინიციატივო ჯგუფი - ნოდარ ობოლაძე, გურამ ჩხიტუნიძე, ავთანდილ ხარაიშვილი, შოთა ტეფნაძე,კახა ჩხიტუნიძე",initiative_group,1,local_2017,1
საინიციატივო ჯგუფი - ნუნუ კარდენახლიშვილი;მიხეილ გიორგაძე;თამარი მახარაშვილი;მიხეილ გიორგაძე;ლანა დავიდოვი,initiative_group,1,local_2017,1
"საინიციატივო ჯგუფი - ოთარი მოლაშხია, ბექა ჭუმბურიძე, მანანა ტაბატაძე, სოფიკო ჩიხელიძე, მაკა ბარამიძე",initiative_group,1,local_2017,1
"საინიციატივო ჯგუფი - ოლეგ მამულაძე,ჯუმბერ აბაშიძე,ნოდარ გუნდაძე,რაულ აბაშიძე,ფატი მამულაძე",initiative_group,1,local_2017,1
"საინიციატივო ჯგუფი - ოლეგი კილაძე,ამირან ნაკაიძე, ფრიდონ კილაძე, ნოდარ კილაძე, დავით დარჩია",initiative_group,1,local_2017,1
საინიციატივო ჯგუფი - ომარი ზურაბიანი. ელიკო ზურაბიანი. თეიმურაზ საღინაძე. თემურ ლეთოდიანი. გელა ფუტკარაძე.,initiative_group,1,local_2017,1
"საინიციატივო ჯგუფი - ონიანი ერეკლე , ონიანი მაია,ონიანი ტარიელი , ონიანი დავით, ონიანი მამუკა",initiative_group,1,local_2017,1
"საინიციატივო ჯგუფი - რობერტი მარგიევი, ანზორი პაპაშვილი, ვასილი ნატროშვილი, შოთა ციხისელი, ოთარი გაჯიშვილი",initiative_group,1,local_2017,1
"საინიციატივო ჯგუფი - რუსუდან ჩხაიძე, ქეთევან დათუნაშვილი, თინა მჟავანაძე, სოფიო კვაჭაძე, ლაშა ბარათაშვილი",initiative_group,1,local_2017,1
"საინიციატივო ჯგუფი - სერგო ჯვარიძე, ზაურ ზედგინიძე, ლევან ლონდარიძე, ლამარა ქავთარაძე, ნინო ლონდარიძე",initiative_group,1,local_2017,1
"საინიციატივო ჯგუფი - უჩა ურუშაძე, მურმან კუკულავა, ინგა იმედაიშვილი, ნინო ფანცულაია, მაია კუკულავა",initiative_group,1,local_2017,1
"საინიციატივო ჯგუფი - ფრიდონ კოჩაძე,რაულ ვარშანიძე,თინათინ ესებიძე,მაია მალაყმაძე,ბეგლარ ღოღობერიძე",initiative_group,1,local_2017,1
"საინიციატივო ჯგუფი - ქეთევან მაჭარაშვილი, ლია ურიდია, გიგანტი ბიბილეიშვილი, მარინა ლეკვეიშვილი, მარინე ნინუა",initiative_group,1,local_2017,1
საინიციატივო ჯგუფი - ქეთევანი კუპრავიშვილი; ციცინო თედეშვილი; გია უძილაური; ნოდარი უძილაური; შორენა დუდაური,initiative_group,1,local_2017,1
"საინიციატივო ჯგუფი - შავლეგ მახათაძე,როინ მოცრაძე, შმაგი დარბაიძე, ვარლამ მოცრაძე, ინეზა იაკობიძე",initiative_group,1,local_2017,1
"საინიციატივო ჯგუფი - შალვა გიგაური, მალხაზ მანთაშაშვილი, დავით ზურაბიშვილი, დავით მენთეშაშვილი, ჯემალი ზაუტაშვილი",initiative_group,1,local_2017,1
"საინიციატივო ჯგუფი - შოთა აბჟანდაძე, ლალი აბჟანდაძე, ნათელა ფანჩულიძე, ვახტანგი ფანჩულიძე, შორენა ფანჩულიძე",initiative_group,1,local_2017,1
"საინიციატივო ჯგუფი - შოთა ნაცვლიშვილი, ლალი ღონღაძე, ალექსანდრე მეტრეველი, ლალი ღამბაშიძე, როზა ხომასურიძე",initiative_group,1,local_2017,1
"საინიციატივო ჯგუფი - ცისია სვანიძე, შაქრო ჩხაიძე, რევაზ კილაძე, მიხეილ ინწკირველი, ბექა მაღლაფერიძე",initiative_group,1,local_2017,1
"საინიციატივო ჯგუფი - ჯემალ აბულაძე, გური ბერიძე, გიორგი ანთაძე, ოთარ ართმელაძე, გიორგი ირემაძე",initiative_group,1,local_2017,1
"საინიციატივო ჯგუფი - ჯონი რთველაძე, მალხაზი ჟიჟიაშვილი,იასე მარტიაშვილი, გიორგი ჩაკვეტაძე, იური მუკვანი, გელა ასლანიშვილი",initiative_group,1,local_2017,1
"საინიციატივო ჯგუფი - ჯოყოლა ხორგუანი,გერმან ქალდანი,ნანა ფილფანი,ოლეგი ქალდანი, ჯემალ ხვისტანი",initiative_group,1,local_2017,1
"საინიციატივო ჯგუფი:
აკაკი კაჭარავა, დავით ჯანხოთელი, ზაზა ჭოხონელიძე, ზურაბ ბუტიკაშვილი, თამაზ ოქრუაშვილი",mamuka_chokhonelidze,1,pres_2013,1
"საინიციატივო ჯგუფი:
ანა რეხვიაშვილი, გივი რობაქიძე, ვახუშტი ფარცვანია, გიორგი მესხიძე, მინდია ბერეკაშვილი",nestan_kirtadze,1,pres_2013,1
"საინიციატივო ჯგუფი:
გელა სანიკიძე, გურამ მეტეხელი, ზურაბ ვეფხვაძე, ცისანა ზურგაშვილი, გიორგი დარბაიძე, პეტრე მურაჩაშვილი.",giorgi_liluashvili_2013,1,pres_2013,1
"საინიციატივო ჯგუფი:
გიორგი გიორხელიძე, რამაზ სუხიშვილი, ზაზა ხურციძე, გიორგი ხაჭაპურიძე, ლავრენტი სუხიშვილი",giorgi_chikhladze,1,pres_2013,1
"საინიციატივო ჯგუფი:
ვაჟა ბარბაქაძე, ციცინო ცინცაძე, ნათელა იაგანაშვილი, ისიდორე გაგოშვილი, გიორგი სიხარულიძე",nugzar_avaliani,1,pres_2013,1
"საინიციატივო ჯგუფი:
ზურაბ კობიაშვილი, მევლუდ მამადაშვილი, ეთერ ჩხეტია, ჯემალ ჯიქია, ლევან ჩოხელი",mikheil_saluashvili,1,pres_2013,1
"საინიციატივო ჯგუფი:
თამაზ აბაშიძე, ზვიად ბლიაძე, რატი მაისურაძე, გიორგი გაბედავა, დიმიტრი ზარნაძე",levan_chachua,1,pres_2013,1
"საინიციატივო ჯგუფი:
თამარ ღარიბაშვილი, ზინა ღარიბაშვილი, ცირა ჯავახიშვილი, შალვა ოჩხიკიძე, რამაზ ჭელიძე",kartlos_gharibashvili,1,pres_2013,1
"საინიციატივო ჯგუფი:
ირაკლი ცერცვაძე,  ხვიჩა მაცაბერიძე, მიხეილ მეტივიშვილი, გურამ თოფურია, გოდერძი წიკლაური",mamuka_melikishvili,1,pres_2013,1
"საინიციატივო ჯგუფი:
კუკური ლაცაბიძე, ირაკლი ნაცვლიშვილი, კლიმენტი ცინდელიანი, კლიმენტი გიგანი, ოთარ ალიბეგაშვილი",avtandil_margiani,1,pres_2013,1
"საინიციატივო ჯგუფი:
ლენა ბეჟიაშვილი, მურად ალაშვილი, გელა ადეიშვილი, ორესტ ბედია, ავთანდილ წერეთელი, გურამ ლომთაძე, ამირან ნორაკიძე",tamaz_bibiluri,1,pres_2013,1
"საინიციატივო ჯგუფი:
მალხაზ ცინცაძე, ლამარა გურული, ლია ნადიკაშვილი, დიმიტრი გუგავა, მანანა კახურაშვილი",nino_chanishvili,1,pres_2013,1
"საინიციატივო ჯგუფი:
ნინო ჯიშიაშვილი, გიორგი ნარუსლიშვილი,ლიანა ბობოხიძე, ნანა ქადარია, ლუიზა არუთინოვა",teimuraz_bobokhidze,1,pres_2013,1
სალომე ზურაბიშვილი - საქართველოს გზა,georgias_way_2014,700,local_2014,1
სალომე ზურაბიშვილი − საქართველოს გზა,georgias_way_2014,205,local_2014,1
სამართლიანი საქართველოსთვის,sergo_javakhidze,1,pres_2013,1
სამართლიანობის აღდგენის კავშირი ხმა ერისა - უფალია ჩვენი სიმართლე,khma_erisa_2020,132,parl_2020,1
საქართველო,georgia_2016,116,parl_2016,3
საქართველო,georgia_party,166,local_2021;parl_2024,3
საქართველო,patriots,60,local_2017,3
საქართველოს ევროპელი დემოკრატები,zurab_kharatishvili,1,pres_2013,1
საქართველოს ელინთა დემოკრატიული ჯგუფი,hellenic_1919,10,parl_1919,1
საქართველოს ერთიანი კომუნისტური პარტია,united_communist_2016,148,adj_2016;parl_2016,1
საქართველოს ერთიანი კომუნისტური პარტია (სეკპ),adj2008_united_communist,37,adj_2008,1
საქართველოს ერთობისა და განვითარების პარტია,unity_development,81,local_2017;parl_2024,1
საქართველოს ეროვნულ-დემოკრატიული პარტია,national_democrats_1919,96,parl_1919,1
საქართველოს ეროვნული პარტია,natparty_1919,25,parl_1919,1
საქართველოს კომუნისტური პარტია - სტალინელები (ივანე წიკლაური),communist_stalinist,122,parl_2016,1
საქართველოს კონსერვატიული პარტია,conservatives,164,adj_2008;parl_2020,1
საქართველოს ლეიბორისტული პარტია,labour,102,adj_2016;local_2014;parl_2024,2
საქართველოს ლეიბორისტული პარტია,natelashvili,1,pres_2018,2
საქართველოს მშრომელთა საბჭო,workers_council_2014,45,local_2014,1
საქართველოს პატრიოტთა ალიანსი,patriots,82,local_2014;parl_2024,1
საქართველოს პოლიტიკური პარტია “ჩვენი ქვეყანა”,our_country_2008,124,parl_2008,1
საქართველოს რადიკალ-დემოკრატთა პარტია,raddem_1919,50,parl_1919,1
საქართველოს რესპუბლიკური პარტია,republicans_2008,216,parl_2008,1
საქართველოს სოციალ-დემოკრატიული მუშათა პარტია,social_democrats_1919,130,parl_1919,1
საქართველოს სოციალისტ-რევოლუციონერთა პარტია,sr_1919,73,parl_1919,1
საქართველოს სოციალისტ-ფედერალისტთა პარტია,federalists_1919,120,parl_1919,1
საქართველოს სპორტსმენთა კავშირი,sports_union_2012,133,parl_2012,1
საქართველოს ძალოვან ვეტერანთა და პატრიოტთა პოლიტიკური მოძრაობა,veterans_patriots_2014,1040,local_2014,1
სახალხო მოძრაობა,peoples_movement_2014,18,local_2014,1
სახალხო პარტია,peoples_party,187,local_2021;parl_2020,2
სახალხო პარტია,sakhalkho_party_2014,480,local_2014,2
სახალხო ხელისუფლება,peoples_power_2016,107,parl_2016,1
სახალხო-ხალხის ერთსულოვნება,peoples_unity_2017,59,local_2017,1
სოციალ-დემოკრატები საქარველოს განვითარებისათვის,social_democrats_2020,132,parl_2020,1
სრულიად საქართველოს რადიკალ-დემოკრატთა ნაციონალური პარტია,radical_democrats_2008,25,local_2010,1
ტაბატაძე „კონსერვატორები საქართველოსთვის“,conservatives_geo,1,local_2025,1
ტრადიციონალისტები,traditionalists,1,local_2017,1
ტრიბუნა,tribuna,60,parl_2024,1
"უპარტიო"")",independent,24,adj_2020,1
უსუფაშვილი - რესპუბლიკელები,republicans_2016,165,adj_2016;parl_2016,1
უფლის სახელით - უფალია ჩვენი სიმართლე,ufali_2014,96,local_2014,1
უფლის სახელით − უფალია ჩვენი სიმართლე,ufali_2014,11,local_2014,1
ქართველ ერთობა,georgian_unity,44,parl_2024,1
ქართველ ტრადიციონალისტთა კავშირი,akaki_asatiani_2013,1,pres_2013,3
ქართველ ტრადიციონალისტთა კავშირი,asatiani,1,pres_2018,3
ქართველ ტრადიციონალისტთა კავშირი,traditionalists,128,parl_2020,3
ქართული დასი,adj2008_kartuli_dasi,32,adj_2008,1
ქართული იდეა,georgian_idea,126,parl_2016,1
ქართული მარში ეროვნული მოძრაობა,georgian_march,136,parl_2020,1
ქართული ოცნება,gd,9778,local_2014;local_2025;parl_2024,1
ქართული ოცნება - დემოკრატიული საქართველო,gd,4981,adj_2016;local_2017;local_2021;parl_2016;parl_2020,1
ქართული ოცნება არასაპარლამენტო,gd,1,local_2014,1
ქართული ოცნება დავით თარხან - მოურავი -,gd,2,local_2014,1
ქართული ოცნება საქართველოს ძალოვან,gd,2,local_2014,1
ქართული ოცნება-დემოკრატიული საქართველო,giorgi_margvelashvili,1,pres_2013,2
ქართული ოცნება-დემოკრატიული საქართველო,kavelashvili,1,pres_2024_indirect,2
ქართული პოლიტიკა,adj2008_georgian_politics,34,adj_2008,1
ქრისტიან დემოკრატიული გაერთიანება,christian_democrats_2012,163,parl_2012,1
ქრისტიან დემოკრატიული პარტია (ქრისტიან დემოკრატები),christian_democrats_2014,185,local_2014,1
ქრისტიან დემოკრატიული პარტია(ქრისტიან დემოკრატები),christian_democrats_2014,3,local_2014,1
ქრისტიან-დემოკრატიული მოძრაობა,giorgi_targamadze,1,pres_2013,1
ქრისტიან-დემოკრატიული სახალხო პარტია,teimuraz_mzhavia,1,pres_2013,1
შალვა ნათელაშვილი - ლეიბორისტული პარტია,labour,1,local_2014,1
შალვა ნათელაშვილი - საქართველოს ლეიბორისტული მოძრაობა,georgia_party,1,local_2014,1
შალვა ნათელაშვილი - საქართველოს ლეიბორისტული პარტია,labour,1590,local_2014;local_2017;parl_2016,1
შალვა ნათელაშვილი – საქართველოს ლეიბორისტული პარტია,labour,6,parl_2008,1
შალვა ნათელაშვილი − საქართველოს ლეიბორისტული პარტია,labour,328,local_2014,1
შალვა ნათელაშვილი საქართველოს ლეიბორისტული პარტია,labour,3,local_2014,1
შენების მოძრაობა,construction_movement_2017,12,local_2017,1
შეცვალე საქართველო,change_georgia,82,parl_2024,1
შოთა რუსთაველის ჯგუფი,rustaveli_1919,1,parl_1919,1
ჩვენ,chven,41,parl_2024,1
ჩვენი გაერთიანებული საქართველო,our_georgia,31,parl_2024,1
ჩვენი საქართველო,our_georgia_2014,109,local_2014,1
ჩვენი საქართველო(ბადრი პატარკაციშვილის საარჩევნო შტაბი),our_georgia_2016,116,parl_2016,1
ძლიერი საქართველო-ლელო,strong_georgia,1281,local_2025,1
"ძლიერი საქართველო-ლელო, ხალხისთვის, თავისუფლებისთვის!",strong_georgia,102,parl_2024,1
ხალხის პარტია,koba_davitashvili,1,pres_2013,2
ხალხის პარტია,peoples_party_2014,25,local_2014,2
ჯონდი ბაღათურია - ქართული დასი,georgian_group,187,local_2021;parl_2016,1