election_id,sub_id,vote_type,party_id,party_label_ka,party_code,district_id,district_name_ka,list_order,ballot_number,first_name,last_name,name_ka,partisanship,elected,source
parl_2016,__main__,pr,gd,ქართული ოცნება - დემოკრატიული საქართველო,41,,,1,,გიორგი,კვირიკაშვილი,გიორგი კვირიკაშვილი,,TRUE,party_lists_2016_georgia_unified.xlsx
parl_2016,__main__,pr,gd,ქართული ოცნება - დემოკრატიული საქართველო,41,,,2,,კახა,კალაძე,კახა კალაძე,,TRUE,party_lists_2016_georgia_unified.xlsx
parl_2016,__main__,pr,gd,ქართული ოცნება - დემოკრატიული საქართველო,41,,,3,,ირაკლი,კობახიძე,ირაკლი კობახიძე,,TRUE,party_lists_2016_georgia_unified.xlsx
parl_2016,__main__,pr,gd,ქართული ოცნება - დემოკრატიული საქართველო,41,,,4,,თამარი,ჩუგოშვილი,თამარი ჩუგოშვილი,,TRUE,party_lists_2016_georgia_unified.xlsx
parl_2016,__main__,pr,gd,ქართული ოცნება - დემოკრატიული საქართველო,41,,,5,,გიორგი,გახარია,გიორგი გახარია,,TRUE,party_lists_2016_georgia_unified.xlsx
parl_2016,__main__,pr,gd,ქართული ოცნება - დემოკრატიული საქართველო,41,,,6,,აკაკი,ზოიძე,აკაკი ზოიძე,,TRUE,party_lists_2016_georgia_unified.xlsx
parl_2016,__main__,pr,gd,ქართული ოცნება - დემოკრატიული საქართველო,41,,,7,,თამარ,ხულორდავა,თამარ ხულორდავა,,TRUE,party_lists_2016_georgia_unified.xlsx
parl_2016,__main__,pr,gd,ქართული ოცნება - დემოკრატიული საქართველო,41,,,8,,რომან,კაკულია,რომან კაკულია,,TRUE,party_lists_2016_georgia_unified.xlsx
parl_2016,__main__,pr,gd,ქართული ოცნება - დემოკრატიული საქართველო,41,,,9,,სოფიო,ქაცარავა,სოფიო ქაცარავა,,TRUE,party_lists_2016_georgia_unified.xlsx
parl_2016,__main__,pr,gd,ქართული ოცნება - დემოკრატიული საქართველო,41,,,10,,ირინე,ფრუიძე,ირინე ფრუიძე,,TRUE,party_lists_2016_georgia_unified.xlsx
parl_2016,__main__,pr,gd,ქართული ოცნება - დემოკრატიული საქართველო,41,,,11,,კახაბერ,კუჭავა,კახაბერ კუჭავა,,TRUE,party_lists_2016_georgia_unified.xlsx
parl_2016,__main__,pr,gd,ქართული ოცნება - დემოკრატიული საქართველო,41,,,12,,მანანა,კობახიძე,მანანა კობახიძე,,TRUE,party_lists_2016_georgia_unified.xlsx
parl_2016,__main__,pr,gd,ქართული ოცნება - დემოკრატიული საქართველო,41,,,13,,ეკა,ბესელია,ეკა ბესელია,,TRUE,party_lists_2016_georgia_unified.xlsx
parl_2016,__main__,pr,gd,ქართული ოცნება - დემოკრატიული საქართველო,41,,,14,,ზვიად,კვაჭანტირაძე,ზვიად კვაჭანტირაძე,,TRUE,party_lists_2016_georgia_unified.xlsx
parl_2016,__main__,pr,gd,ქართული ოცნება - დემოკრატიული საქართველო,41,,,15,,ზვიადი,ძიძიგური,ზვიადი ძიძიგური,,TRUE,party_lists_2016_georgia_unified.xlsx
parl_2016,__main__,pr,gd,ქართული ოცნება - დემოკრატიული საქართველო,41,,,16,,გია,ჟორჟოლიანი,გია ჟორჟოლიანი,,TRUE,party_lists_2016_georgia_unified.xlsx
parl_2016,__main__,pr,gd,ქართული ოცნება - დემოკრატიული საქართველო,41,,,17,,გიორგი,გაჩეჩილაძე,გიორგი გაჩეჩილაძე,,TRUE,party_lists_2016_georgia_unified.xlsx
parl_2016,__main__,pr,gd,ქართული ოცნება - დემოკრატიული საქართველო,41,,,18,,ირაკლი,კოვზანაძე,ირაკლი კოვზანაძე,,TRUE,party_lists_2016_georgia_unified.xlsx
parl_2016,__main__,pr,gd,ქართული ოცნება - დემოკრატიული საქართველო,41,,,19,,რუსლან,პოღოსიანი,რუსლან პოღოსიანი,,TRUE,party_lists_2016_georgia_unified.xlsx
parl_2016,__main__,pr,gd,ქართული ოცნება - დემოკრატიული საქართველო,41,,,20,,მახირ,დარზიევი,მახირ დარზიევი,,TRUE,party_lists_2016_georgia_unified.xlsx
parl_2016,__main__,pr,gd,ქართული ოცნება - დემოკრატიული საქართველო,41,,,21,,არჩილ,ხაბაძე,არჩილ ხაბაძე,,TRUE,party_lists_2016_georgia_unified.xlsx
parl_2016,__main__,pr,gd,ქართული ოცნება - დემოკრატიული საქართველო,41,,,22,,ლერი,ხაბელოვი,ლერი ხაბელოვი,,TRUE,party_lists_2016_georgia_unified.xlsx
parl_2016,__main__,pr,gd,ქართული ოცნება - დემოკრატიული საქართველო,41,,,23,,სამველ,მანუკიან,სამველ მანუკიან,,TRUE,party_lists_2016_georgia_unified.xlsx
parl_2016,__main__,pr,gd,ქართული ოცნება - დემოკრატიული საქართველო,41,,,24,,ვიქტორ,ჯაფარიძე,ვიქტორ ჯაფარიძე,,TRUE,party_lists_2016_georgia_unified.xlsx
parl_2016,__main__,pr,gd,ქართული ოცნება - დემოკრატიული საქართველო,41,,,25,,ალექსანდრე,ქანთარია,ალექსანდრე ქანთარია,,TRUE,party_lists_2016_georgia_unified.xlsx
parl_2016,__main__,pr,gd,ქართული ოცნება - დემოკრატიული საქართველო,41,,,26,,ისკო,დასენი,ისკო დასენი,,TRUE,party_lists_2016_georgia_unified.xlsx
parl_2016,__main__,pr,gd,ქართული ოცნება - დემოკრატიული საქართველო,41,,,27,,დიმიტრი,სამხარაძე,დიმიტრი სამხარაძე,,TRUE,party_lists_2016_georgia_unified.xlsx
parl_2016,__main__,pr,gd,ქართული ოცნება - დემოკრატიული საქართველო,41,,,28,,ვანო,ზარდიაშვილი,ვანო ზარდიაშვილი,,TRUE,party_lists_2016_georgia_unified.xlsx
parl_2016,__main__,pr,gd,ქართული ოცნება - დემოკრატიული საქართველო,41,,,29,,შოთა,შალელაშვილი,შოთა შალელაშვილი,,TRUE,party_lists_2016_georgia_unified.xlsx
parl_2016,__main__,pr,gd,ქართული ოცნება - დემოკრატიული საქართველო,41,,,30,,ერეკლე,ტრიპოლსკი,ერეკლე ტრიპოლსკი,,TRUE,party_lists_2016_georgia_unified.xlsx
parl_2016,__main__,pr,gd,ქართული ოცნება - დემოკრატიული საქართველო,41,,,31,,მირიანი,წიკლაური,მირიანი წიკლაური,,TRUE,party_lists_2016_georgia_unified.xlsx
parl_2016,__main__,pr,gd,ქართული ოცნება - დემოკრატიული საქართველო,41,,,32,,გიორგი,კახიანი,გიორგი კახიანი,,TRUE,party_lists_2016_georgia_unified.xlsx
parl_2016,__main__,pr,gd,ქართული ოცნება - დემოკრატიული საქართველო,41,,,33,,რევაზ,არველაძე,რევაზ არველაძე,,TRUE,party_lists_2016_georgia_unified.xlsx
parl_2016,__main__,pr,gd,ქართული ოცნება - დემოკრატიული საქართველო,41,,,34,,დიმიტრი,ცქიტიშვილი,დიმიტრი ცქიტიშვილი,,TRUE,party_lists_2016_georgia_unified.xlsx
parl_2016,__main__,pr,gd,ქართული ოცნება - დემოკრატიული საქართველო,41,,,35,,გიგა,ბუკია,გიგა ბუკია,,TRUE,party_lists_2016_georgia_unified.xlsx
parl_2016,__main__,pr,gd,ქართული ოცნება - დემოკრატიული საქართველო,41,,,36,,თეიმურაზ,კოხრეიძე,თეიმურაზ კოხრეიძე,,TRUE,party_lists_2016_georgia_unified.xlsx
parl_2016,__main__,pr,gd,ქართული ოცნება - დემოკრატიული საქართველო,41,,,37,,თეიმურაზ,ჭკუასელი,თეიმურაზ ჭკუასელი,,TRUE,party_lists_2016_georgia_unified.xlsx
parl_2016,__main__,pr,gd,ქართული ოცნება - დემოკრატიული საქართველო,41,,,38,,სვეტლანა,კუდბა,სვეტლანა კუდბა,,TRUE,party_lists_2016_georgia_unified.xlsx
parl_2016,__main__,pr,gd,ქართული ოცნება - დემოკრატიული საქართველო,41,,,39,,რატი,იონათამიშვილი,რატი იონათამიშვილი,,TRUE,party_lists_2016_georgia_unified.xlsx
parl_2016,__main__,smd,gd,„ქართული ოცნება - დემოკრატიული საქართველო”,,37,მცხეთა,,41,დიმიტრი,ხუნდაძე,დიმიტრი ხუნდაძე,,TRUE,party_lists_2016_georgia_unified.xlsx
parl_2016,__main__,pr,gd,ქართული ოცნება - დემოკრატიული საქართველო,41,,,41,,ოთარ,ჩრდილელი,ოთარ ჩრდილელი,,TRUE,party_lists_2016_georgia_unified.xlsx
parl_2016,__main__,pr,gd,ქართული ოცნება - დემოკრატიული საქართველო,41,,,42,,ალექსანდრე,ერქვანია,ალექსანდრე ერქვანია,,TRUE,party_lists_2016_georgia_unified.xlsx
parl_2016,__main__,pr,gd,ქართული ოცნება - დემოკრატიული საქართველო,41,,,43,,ენძელა,მაჭავარიანი,ენძელა მაჭავარიანი,,TRUE,party_lists_2016_georgia_unified.xlsx
parl_2016,__main__,pr,gd,ქართული ოცნება - დემოკრატიული საქართველო,41,,,44,,გია,ბენაშვილი,გია ბენაშვილი,,TRUE,party_lists_2016_georgia_unified.xlsx
parl_2016,__main__,pr,gd,ქართული ოცნება - დემოკრატიული საქართველო,41,,,45,,კარლო,კოპალიანი,კარლო კოპალიანი,,TRUE,party_lists_2016_georgia_unified.xlsx
parl_2016,__main__,smd,gd,„ქართული ოცნება - დემოკრატიული საქართველო”,,2,ვაკე,,41,ბიძინა,გეგიძე,ბიძინა გეგიძე,,TRUE,party_lists_2016_georgia_unified.xlsx
parl_2016,__main__,smd,gd,„ქართული ოცნება - დემოკრატიული საქართველო”,,3,ვაკე,,41,ზაზა,ხუციშვილი,ზაზა ხუციშვილი,,TRUE,party_lists_2016_georgia_unified.xlsx
parl_2016,__main__,smd,gd,„ქართული ოცნება - დემოკრატიული საქართველო”,,4,საბურთალო,,41,მამუკა,მდინარაძე,მამუკა მდინარაძე,,TRUE,party_lists_2016_georgia_unified.xlsx
parl_2016,__main__,smd,gd,„ქართული ოცნება - დემოკრატიული საქართველო”,,5,საბურთალო,,41,ნინო,გოგუაძე,ნინო გოგუაძე,,TRUE,party_lists_2016_georgia_unified.xlsx
parl_2016,__main__,smd,gd,„ქართული ოცნება - დემოკრატიული საქართველო”,,6,საბურთალო,,41,ლევან,გოგიჩაიშვილი,ლევან გოგიჩაიშვილი,,TRUE,party_lists_2016_georgia_unified.xlsx
parl_2016,__main__,smd,gd,„ქართული ოცნება - დემოკრატიული საქართველო”,,7,კრწანისი,,41,ბექა,ოდიშარია,ბექა ოდიშარია,,TRUE,party_lists_2016_georgia_unified.xlsx
parl_2016,__main__,smd,gd,„ქართული ოცნება - დემოკრატიული საქართველო”,,8,ისანი,,41,ირაკლი,აბუსერიძე,ირაკლი აბუსერიძე,,TRUE,party_lists_2016_georgia_unified.xlsx
parl_2016,__main__,smd,gd,„ქართული ოცნება - დემოკრატიული საქართველო”,,9,ისანი,,41,დავით,ჭიჭინაძე,დავით ჭიჭინაძე,,TRUE,party_lists_2016_georgia_unified.xlsx
parl_2016,__main__,smd,gd,„ქართული ოცნება - დემოკრატიული საქართველო”,,10,ისანი,,41,ბექა,ნაცვლიშვილი,ბექა ნაცვლიშვილი,,TRUE,party_lists_2016_georgia_unified.xlsx
parl_2016,__main__,smd,gd,„ქართული ოცნება - დემოკრატიული საქართველო”,,11,სამგორი,,41,გიორგი,მოსიძე,გიორგი მოსიძე,,TRUE,party_lists_2016_georgia_unified.xlsx
parl_2016,__main__,smd,gd,„ქართული ოცნება - დემოკრატიული საქართველო”,,12,სამგორი,,41,მარიამ,ჯაში,მარიამ ჯაში,,TRUE,party_lists_2016_georgia_unified.xlsx
parl_2016,__main__,smd,gd,„ქართული ოცნება - დემოკრატიული საქართველო”,,13,სამგორი,,41,შოთა,ხაბარელი,შოთა ხაბარელი,,TRUE,party_lists_2016_georgia_unified.xlsx
parl_2016,__main__,smd,gd,„ქართული ოცნება - დემოკრატიული საქართველო”,,14,ჩუღურეთი,,41,გიორგი,ვოლსკი,გიორგი ვოლსკი,,TRUE,party_lists_2016_georgia_unified.xlsx
parl_2016,__main__,smd,gd,„ქართული ოცნება - დემოკრატიული საქართველო”,,15,დიდუბე,,41,ზაზა,პაპუაშვილი,ზაზა პაპუაშვილი,,TRUE,party_lists_2016_georgia_unified.xlsx
parl_2016,__main__,smd,gd,„ქართული ოცნება - დემოკრატიული საქართველო”,,16,დიდუბე,,41,ივლიანე,წულაია,ივლიანე წულაია,,TRUE,party_lists_2016_georgia_unified.xlsx
parl_2016,__main__,smd,gd,„ქართული ოცნება - დემოკრატიული საქართველო”,,17,ნაძალადევი,,41,სოფიო,კილაძე,სოფიო კილაძე,,TRUE,party_lists_2016_georgia_unified.xlsx
parl_2016,__main__,smd,gd,„ქართული ოცნება - დემოკრატიული საქართველო”,,18,ნაძალადევი,,41,მიხეილ,ყაველაშვილი,მიხეილ ყაველაშვილი,,TRUE,party_lists_2016_georgia_unified.xlsx
parl_2016,__main__,smd,gd,„ქართული ოცნება - დემოკრატიული საქართველო”,,19,ნაძალადევი,,41,ზაზა,გაბუნია,ზაზა გაბუნია,,TRUE,party_lists_2016_georgia_unified.xlsx
parl_2016,__main__,smd,gd,„ქართული ოცნება - დემოკრატიული საქართველო”,,20,გლდანი,,41,კობა,კობალაძე,კობა კობალაძე,,TRUE,party_lists_2016_georgia_unified.xlsx
parl_2016,__main__,smd,gd,„ქართული ოცნება - დემოკრატიული საქართველო”,,21,გლდანი,,41,ლევან,კობიაშვილი,ლევან კობიაშვილი,,TRUE,party_lists_2016_georgia_unified.xlsx
parl_2016,__main__,smd,gd,„ქართული ოცნება - დემოკრატიული საქართველო”,,22,გლდანი,,41,ლევანი,კობერიძე,ლევანი კობერიძე,,TRUE,party_lists_2016_georgia_unified.xlsx
parl_2016,__main__,smd,gd,„ქართული ოცნება - დემოკრატიული საქართველო”,,23,საგარეჯო,,41,რომან,მუჩიაშვილი,რომან მუჩიაშვილი,,TRUE,party_lists_2016_georgia_unified.xlsx
parl_2016,__main__,smd,gd,„ქართული ოცნება - დემოკრატიული საქართველო”,,24,გურჯაანი,,41,დავით,სონღულაშვილი,დავით სონღულაშვილი,,TRUE,party_lists_2016_georgia_unified.xlsx
parl_2016,__main__,smd,gd,„ქართული ოცნება - დემოკრატიული საქართველო”,,25,სიღნაღი,,41,ირაკლი,შიოლაშვილი,ირაკლი შიოლაშვილი,,TRUE,party_lists_2016_georgia_unified.xlsx
parl_2016,__main__,smd,gd,„ქართული ოცნება - დემოკრატიული საქართველო”,,26,ლაგოდეხი,,41,გურამ,მაჭარაშვილი,გურამ მაჭარაშვილი,,TRUE,party_lists_2016_georgia_unified.xlsx
parl_2016,__main__,smd,gd,„ქართული ოცნება - დემოკრატიული საქართველო”,,27,თელავი,,41,ირაკლი,სესიაშვილი,ირაკლი სესიაშვილი,,TRUE,party_lists_2016_georgia_unified.xlsx
parl_2016,__main__,smd,gd,„ქართული ოცნება - დემოკრატიული საქართველო”,,28,ახმეტა,,41,გელა,სამხარაული,გელა სამხარაული,,TRUE,party_lists_2016_georgia_unified.xlsx
parl_2016,__main__,smd,gd,„ქართული ოცნება - დემოკრატიული საქართველო”,,29,რუსთავი,,41,პაატა,მხეიძე,პაატა მხეიძე,,TRUE,party_lists_2016_georgia_unified.xlsx
parl_2016,__main__,smd,gd,„ქართული ოცნება - დემოკრატიული საქართველო”,,30,რუსთავი,,41,გიორგი,ბეგაძე,გიორგი ბეგაძე,,TRUE,party_lists_2016_georgia_unified.xlsx
parl_2016,__main__,smd,gd,„ქართული ოცნება - დემოკრატიული საქართველო”,,31,გარდაბანი,,41,სავალან,მირზოევი,სავალან მირზოევი,,TRUE,party_lists_2016_georgia_unified.xlsx
parl_2016,__main__,smd,gd,„ქართული ოცნება - დემოკრატიული საქართველო”,,32,თეთრიწყარო,,41,გოდერძი,ჩანქსელიანი,გოდერძი ჩანქსელიანი,,TRUE,party_lists_2016_georgia_unified.xlsx
parl_2016,__main__,smd,gd,„ქართული ოცნება - დემოკრატიული საქართველო”,,33,ბოლნისი,,41,გოგი,მეშველიანი,გოგი მეშველიანი,,TRUE,party_lists_2016_georgia_unified.xlsx
parl_2016,__main__,smd,gd,„ქართული ოცნება - დემოკრატიული საქართველო”,,34,დმანისი,,41,კახაბერ,ოქრიაშვილი,კახაბერ ოქრიაშვილი,,TRUE,party_lists_2016_georgia_unified.xlsx
parl_2016,__main__,smd,gd,„ქართული ოცნება - დემოკრატიული საქართველო”,,35,მარნეული,,41,რუსლან,გაჯიევი,რუსლან გაჯიევი,,TRUE,party_lists_2016_georgia_unified.xlsx
parl_2016,__main__,smd,gd,„ქართული ოცნება - დემოკრატიული საქართველო”,,36,მარნეული,,41,თამაზ,ნავერიანი,თამაზ ნავერიანი,,TRUE,party_lists_2016_georgia_unified.xlsx
parl_2016,__main__,smd,gd,„ქართული ოცნება - დემოკრატიული საქართველო”,,38,დუშეთი,,41,ზაქარია,ქუცნაშვილი,ზაქარია ქუცნაშვილი,,TRUE,party_lists_2016_georgia_unified.xlsx
parl_2016,__main__,smd,gd,„ქართული ოცნება - დემოკრატიული საქართველო”,,39,კასპი,,41,ირაკლი,მეზურნიშვილი,ირაკლი მეზურნიშვილი,,TRUE,party_lists_2016_georgia_unified.xlsx
parl_2016,__main__,smd,gd,„ქართული ოცნება - დემოკრატიული საქართველო”,,40,ქარელი,,41,გიორგი,თოთლაძე,გიორგი თოთლაძე,,TRUE,party_lists_2016_georgia_unified.xlsx
parl_2016,__main__,smd,gd,„ქართული ოცნება - დემოკრატიული საქართველო”,,41,გორი,,41,იოსებ,მაკრახიძე,იოსებ მაკრახიძე,,TRUE,party_lists_2016_georgia_unified.xlsx
parl_2016,__main__,smd,gd,„ქართული ოცნება - დემოკრატიული საქართველო”,,42,გორი,,41,თენგიზი,ხუბულური,თენგიზი ხუბულური,,TRUE,party_lists_2016_georgia_unified.xlsx
parl_2016,__main__,smd,gd,„ქართული ოცნება - დემოკრატიული საქართველო”,,44,ახალციხე,,41,გიორგი,კოპაძე,გიორგი კოპაძე,,TRUE,party_lists_2016_georgia_unified.xlsx
parl_2016,__main__,smd,gd,„ქართული ოცნება - დემოკრატიული საქართველო”,,45,ბორჯომი,,41,გედევან,ფოფხაძე,გედევან ფოფხაძე,,TRUE,party_lists_2016_georgia_unified.xlsx
parl_2016,__main__,smd,gd,„ქართული ოცნება - დემოკრატიული საქართველო”,,46,ახალქალაქი,,41,ენზელ,მკოიანი,ენზელ მკოიანი,,TRUE,party_lists_2016_georgia_unified.xlsx
parl_2016,__main__,smd,gd,„ქართული ოცნება - დემოკრატიული საქართველო”,,47,ქუთაისი,,41,გენადი,მარგველაშვილი,გენადი მარგველაშვილი,,TRUE,party_lists_2016_georgia_unified.xlsx
parl_2016,__main__,smd,gd,„ქართული ოცნება - დემოკრატიული საქართველო”,,48,ქუთაისი,,41,დიმიტრი,მხეიძე,დიმიტრი მხეიძე,,TRUE,party_lists_2016_georgia_unified.xlsx
parl_2016,__main__,smd,gd,„ქართული ოცნება - დემოკრატიული საქართველო”,,49,ქუთაისი,,41,კობა,ნარჩემაშვილი,კობა ნარჩემაშვილი,,TRUE,party_lists_2016_georgia_unified.xlsx
parl_2016,__main__,smd,gd,„ქართული ოცნება - დემოკრატიული საქართველო”,,50,თერჯოლა,,41,ელგუჯა,გოცირიძე,ელგუჯა გოცირიძე,,TRUE,party_lists_2016_georgia_unified.xlsx
parl_2016,__main__,smd,gd,„ქართული ოცნება - დემოკრატიული საქართველო”,,51,ბაღდათი,,41,კობა,ლურსმანაშვილი,კობა ლურსმანაშვილი,,TRUE,party_lists_2016_georgia_unified.xlsx
parl_2016,__main__,smd,gd,„ქართული ოცნება - დემოკრატიული საქართველო”,,52,ზესტაფონი,,41,შალვა,კიკნაველიძე,შალვა კიკნაველიძე,,TRUE,party_lists_2016_georgia_unified.xlsx
parl_2016,__main__,smd,gd,„ქართული ოცნება - დემოკრატიული საქართველო”,,53,საჩხერე,,41,პაატა,კვიჟინაძე,პაატა კვიჟინაძე,,TRUE,party_lists_2016_georgia_unified.xlsx
parl_2016,__main__,smd,gd,„ქართული ოცნება - დემოკრატიული საქართველო”,,54,ვანი,,41,გრიგოლ,ლილუაშვილი,გრიგოლ ლილუაშვილი,,TRUE,party_lists_2016_georgia_unified.xlsx
parl_2016,__main__,smd,gd,„ქართული ოცნება - დემოკრატიული საქართველო”,,55,სამტრედია,,41,გრიგოლ,მიქელაძე,გრიგოლ მიქელაძე,,TRUE,party_lists_2016_georgia_unified.xlsx
parl_2016,__main__,smd,gd,„ქართული ოცნება - დემოკრატიული საქართველო”,,56,ჭიათურა,,41,სულხან,მახათაძე,სულხან მახათაძე,,TRUE,party_lists_2016_georgia_unified.xlsx
parl_2016,__main__,smd,gd,„ქართული ოცნება - დემოკრატიული საქართველო”,,57,წყალტუბო,,41,ცოტნე,ზურაბიანი,ცოტნე ზურაბიანი,,TRUE,party_lists_2016_georgia_unified.xlsx
parl_2016,__main__,smd,gd,„ქართული ოცნება - დემოკრატიული საქართველო”,,58,ამბროლაური,,41,გოჩა,ენუქიძე,გოჩა ენუქიძე,,TRUE,party_lists_2016_georgia_unified.xlsx
parl_2016,__main__,smd,gd,„ქართული ოცნება - დემოკრატიული საქართველო”,,59,ოზურგეთი,,41,არჩილ,თალაკვაძე,არჩილ თალაკვაძე,,TRUE,party_lists_2016_georgia_unified.xlsx
parl_2016,__main__,smd,gd,„ქართული ოცნება - დემოკრატიული საქართველო”,,60,ლანჩხუთი,,41,ნინო,წილოსანი,ნინო წილოსანი,,TRUE,party_lists_2016_georgia_unified.xlsx
parl_2016,__main__,smd,gd,„ქართული ოცნება - დემოკრატიული საქართველო”,,61,ფოთი,,41,ირაკლი,ხახუბია,ირაკლი ხახუბია,,TRUE,party_lists_2016_georgia_unified.xlsx
parl_2016,__main__,smd,gd,„ქართული ოცნება - დემოკრატიული საქართველო”,,62,მარტვილი,,41,ოთარი,დანელია,ოთარი დანელია,,TRUE,party_lists_2016_georgia_unified.xlsx
parl_2016,__main__,smd,gd,„ქართული ოცნება - დემოკრატიული საქართველო”,,63,სენაკი,,41,ირაკლი,ბერაია,ირაკლი ბერაია,,TRUE,party_lists_2016_georgia_unified.xlsx
parl_2016,__main__,smd,gd,„ქართული ოცნება - დემოკრატიული საქართველო”,,64,ხობი,,41,ირაკლი,ბერაია,ირაკლი ბერაია,,TRUE,party_lists_2016_georgia_unified.xlsx
parl_2016,__main__,smd,gd,„ქართული ოცნება - დემოკრატიული საქართველო”,,65,ზუგდიდი,,41,მერაბი,ქვარაია,მერაბი ქვარაია,,TRUE,party_lists_2016_georgia_unified.xlsx
parl_2016,__main__,smd,gd,„ქართული ოცნება - დემოკრატიული საქართველო”,,66,ზუგდიდი,,41,ედიშერ,თოლორაია,ედიშერ თოლორაია,,TRUE,party_lists_2016_georgia_unified.xlsx
parl_2016,__main__,smd,gd,„ქართული ოცნება - დემოკრატიული საქართველო”,,67,წალენჯიხა,,41,გოგა,გულორდავა,გოგა გულორდავა,,TRUE,party_lists_2016_georgia_unified.xlsx
parl_2016,__main__,smd,gd,„ქართული ოცნება - დემოკრატიული საქართველო”,,68,ბათუმი,,41,ფატი,ხალვაში,ფატი ხალვაში,,TRUE,party_lists_2016_georgia_unified.xlsx
parl_2016,__main__,smd,gd,„ქართული ოცნება - დემოკრატიული საქართველო”,,69,ბათუმი,,41,ლევან,ბეჟანიძე,ლევან ბეჟანიძე,,TRUE,party_lists_2016_georgia_unified.xlsx
parl_2016,__main__,smd,gd,„ქართული ოცნება - დემოკრატიული საქართველო”,,70,ბათუმი,,41,მუხრან,ვახტანგაძე,მუხრან ვახტანგაძე,,TRUE,party_lists_2016_georgia_unified.xlsx
parl_2016,__main__,smd,gd,„ქართული ოცნება - დემოკრატიული საქართველო”,,71,ქობულეთი,,41,კობა,ნაკაიძე,კობა ნაკაიძე,,TRUE,party_lists_2016_georgia_unified.xlsx
parl_2016,__main__,smd,gd,„ქართული ოცნება - დემოკრატიული საქართველო”,,72,ხელვაჩაური,,41,ილია,ნაკაშიძე,ილია ნაკაშიძე,,TRUE,party_lists_2016_georgia_unified.xlsx
parl_2016,__main__,smd,gd,„ქართული ოცნება - დემოკრატიული საქართველო”,,73,ხულო,,41,ანზორ,ბოლქვაძე,ანზორ ბოლქვაძე,,TRUE,party_lists_2016_georgia_unified.xlsx
parl_2016,__main__,pr,unm,საარჩევნო ბლოკი ერთიანი ნაციონალური მოძრაობა,5,,,1,,დავით,ბაქრაძე,დავით ბაქრაძე,,TRUE,party_lists_2016_georgia_unified.xlsx
parl_2016,__main__,pr,unm,საარჩევნო ბლოკი ერთიანი ნაციონალური მოძრაობა,5,,,2,,სანდრა,ელისაბედრულოვს,სანდრა ელისაბედრულოვს,,TRUE,party_lists_2016_georgia_unified.xlsx
parl_2016,__main__,pr,unm,საარჩევნო ბლოკი ერთიანი ნაციონალური მოძრაობა,5,,,3,,ელენე,ხოშტარია,ელენე ხოშტარია,,TRUE,party_lists_2016_georgia_unified.xlsx
parl_2016,__main__,pr,unm,საარჩევნო ბლოკი ერთიანი ნაციონალური მოძრაობა,5,,,4,,რომან,გოცირიძე,რომან გოცირიძე,,TRUE,party_lists_2016_georgia_unified.xlsx
parl_2016,__main__,pr,unm,საარჩევნო ბლოკი ერთიანი ნაციონალური მოძრაობა,5,,,5,,ნიკანორი,მელია,ნიკანორი მელია,,TRUE,party_lists_2016_georgia_unified.xlsx
parl_2016,__main__,pr,unm,საარჩევნო ბლოკი ერთიანი ნაციონალური მოძრაობა,5,,,6,,გიორგი,ტუღუში,გიორგი ტუღუში,,TRUE,party_lists_2016_georgia_unified.xlsx
parl_2016,__main__,pr,unm,საარჩევნო ბლოკი ერთიანი ნაციონალური მოძრაობა,5,,,7,,ოთარი,კახიძე,ოთარი კახიძე,,TRUE,party_lists_2016_georgia_unified.xlsx
parl_2016,__main__,pr,unm,საარჩევნო ბლოკი ერთიანი ნაციონალური მოძრაობა,5,,,8,,სალომე,სამადაშვილი,სალომე სამადაშვილი,,TRUE,party_lists_2016_georgia_unified.xlsx
parl_2016,__main__,pr,unm,საარჩევნო ბლოკი ერთიანი ნაციონალური მოძრაობა,5,,,9,,ირაკლი,აბესაძე,ირაკლი აბესაძე,,TRUE,party_lists_2016_georgia_unified.xlsx
parl_2016,__main__,pr,unm,საარჩევნო ბლოკი ერთიანი ნაციონალური მოძრაობა,5,,,10,,სერგი,კაპანაძე,სერგი კაპანაძე,,TRUE,party_lists_2016_georgia_unified.xlsx
parl_2016,__main__,pr,unm,საარჩევნო ბლოკი ერთიანი ნაციონალური მოძრაობა,5,,,11,,სერგო,რატიანი,სერგო რატიანი,,TRUE,party_lists_2016_georgia_unified.xlsx
parl_2016,__main__,pr,unm,საარჩევნო ბლოკი ერთიანი ნაციონალური მოძრაობა,5,,,12,,გიორგი,კანდელაკი,გიორგი კანდელაკი,,TRUE,party_lists_2016_georgia_unified.xlsx
parl_2016,__main__,pr,unm,საარჩევნო ბლოკი ერთიანი ნაციონალური მოძრაობა,5,,,13,,ლელა,ქებურია,ლელა ქებურია,,TRUE,party_lists_2016_georgia_unified.xlsx
parl_2016,__main__,pr,unm,საარჩევნო ბლოკი ერთიანი ნაციონალური მოძრაობა,5,,,14,,აკაკი,ბობოხიძე,აკაკი ბობოხიძე,,TRUE,party_lists_2016_georgia_unified.xlsx
parl_2016,__main__,pr,unm,საარჩევნო ბლოკი ერთიანი ნაციონალური მოძრაობა,5,,,15,,გიორგი,ბოკერია,გიორგი ბოკერია,,TRUE,party_lists_2016_georgia_unified.xlsx
parl_2016,__main__,pr,unm,საარჩევნო ბლოკი ერთიანი ნაციონალური მოძრაობა,5,,,16,,კობა,ნაყოფია,კობა ნაყოფია,,TRUE,party_lists_2016_georgia_unified.xlsx
parl_2016,__main__,pr,unm,საარჩევნო ბლოკი ერთიანი ნაციონალური მოძრაობა,5,,,17,,ირმა,ნადირაშვილი,ირმა ნადირაშვილი,,TRUE,party_lists_2016_georgia_unified.xlsx
parl_2016,__main__,pr,unm,საარჩევნო ბლოკი ერთიანი ნაციონალური მოძრაობა,5,,,18,,მამუკა,ჩიქოვანი,მამუკა ჩიქოვანი,,TRUE,party_lists_2016_georgia_unified.xlsx
parl_2016,__main__,pr,unm,საარჩევნო ბლოკი ერთიანი ნაციონალური მოძრაობა,5,,,19,,თინათინ,ბოკუჩავა,თინათინ ბოკუჩავა,,TRUE,party_lists_2016_georgia_unified.xlsx
parl_2016,__main__,pr,unm,საარჩევნო ბლოკი ერთიანი ნაციონალური მოძრაობა,5,,,20,,რამაზ,ნიკოლაიშვილი,რამაზ ნიკოლაიშვილი,,TRUE,party_lists_2016_georgia_unified.xlsx
parl_2016,__main__,pr,unm,საარჩევნო ბლოკი ერთიანი ნაციონალური მოძრაობა,5,,,21,,ზურაბ,ჭიაბერაშვილი,ზურაბ ჭიაბერაშვილი,,TRUE,party_lists_2016_georgia_unified.xlsx
parl_2016,__main__,pr,unm,საარჩევნო ბლოკი ერთიანი ნაციონალური მოძრაობა,5,,,22,,ლაშა,დამენია,ლაშა დამენია,,TRUE,party_lists_2016_georgia_unified.xlsx
parl_2016,__main__,pr,unm,საარჩევნო ბლოკი ერთიანი ნაციონალური მოძრაობა,5,,,23,,ხათუნა,გოგორიშვილი,ხათუნა გოგორიშვილი,,TRUE,party_lists_2016_georgia_unified.xlsx
parl_2016,__main__,pr,unm,საარჩევნო ბლოკი ერთიანი ნაციონალური მოძრაობა,5,,,24,,თენგიზ,გუნავა,თენგიზ გუნავა,,TRUE,party_lists_2016_georgia_unified.xlsx
parl_2016,__main__,pr,unm,საარჩევნო ბლოკი ერთიანი ნაციონალური მოძრაობა,5,,,25,,ზაზა,კედელაშვილი,ზაზა კედელაშვილი,,TRUE,party_lists_2016_georgia_unified.xlsx
parl_2016,__main__,pr,unm,საარჩევნო ბლოკი ერთიანი ნაციონალური მოძრაობა,5,,,26,,აზერ,სულეიმანოვი,აზერ სულეიმანოვი,,TRUE,party_lists_2016_georgia_unified.xlsx
parl_2016,__main__,pr,unm,საარჩევნო ბლოკი ერთიანი ნაციონალური მოძრაობა,5,,,27,,გიორგი,წერეთელი,გიორგი წერეთელი,,TRUE,party_lists_2016_georgia_unified.xlsx
parl_2016,__main__,pr,patriots,"საარჩევნო ბლოკი დავით თარხან-მოურავი, ირმა ინაშვილი - საქართველოს პატრიოტთა ალიანსი, გაერთიანებული ოპოზიცია",8,,,1,,ირმა,ინაშვილი,ირმა ინაშვილი,,TRUE,party_lists_2016_georgia_unified.xlsx
parl_2016,__main__,pr,patriots,"საარჩევნო ბლოკი დავით თარხან-მოურავი, ირმა ინაშვილი - საქართველოს პატრიოტთა ალიანსი, გაერთიანებული ოპოზიცია",8,,,2,,ადა,მარშანია,ადა მარშანია,,TRUE,party_lists_2016_georgia_unified.xlsx
parl_2016,__main__,pr,patriots,"საარჩევნო ბლოკი დავით თარხან-მოურავი, ირმა ინაშვილი - საქართველოს პატრიოტთა ალიანსი, გაერთიანებული ოპოზიცია",8,,,3,,ნატო,ჩხეიძე,ნატო ჩხეიძე,,TRUE,party_lists_2016_georgia_unified.xlsx
parl_2016,__main__,pr,patriots,"საარჩევნო ბლოკი დავით თარხან-მოურავი, ირმა ინაშვილი - საქართველოს პატრიოტთა ალიანსი, გაერთიანებული ოპოზიცია",8,,,4,,გიორგი,ლომია,გიორგი ლომია,,TRUE,party_lists_2016_georgia_unified.xlsx
parl_2016,__main__,pr,patriots,"საარჩევნო ბლოკი დავით თარხან-მოურავი, ირმა ინაშვილი - საქართველოს პატრიოტთა ალიანსი, გაერთიანებული ოპოზიცია",8,,,5,,გელა,მიქაძე,გელა მიქაძე,,TRUE,party_lists_2016_georgia_unified.xlsx
parl_2016,__main__,pr,patriots,"საარჩევნო ბლოკი დავით თარხან-მოურავი, ირმა ინაშვილი - საქართველოს პატრიოტთა ალიანსი, გაერთიანებული ოპოზიცია",8,,,6,,ემზარ,კვიციანი,ემზარ კვიციანი,,TRUE,party_lists_2016_georgia_unified.xlsx
parl_2016,__main__,smd,industry_sakartvelo,"საარჩევნო ბლოკი „თოფაძე - მრეწველები, ჩვენი სამშობლო”",,43,ხაშური,,19,სიმონ,ნოზაძე,სიმონ ნოზაძე,,TRUE,party_lists_2016_georgia_unified.xlsx
parl_2016,__main__,smd,,"საინიციატივო ჯგუფი - მაია გუგუშვილი, ნათია პავლიაშვილი, მანანა დოლიძე, ხათუნა თოდუა, გიორგი მიქაძე, ივანე მაჭავარიანი",,1,მთაწმინდა,,42,სალომე,ზურაბიშვილი,სალომე ზურაბიშვილი,,TRUE,party_lists_2016_georgia_unified.xlsx