district_id,party_id,votes,vote_share,registered,voted,invalid_ballots
1,social_democrats_1919,19000,0.813147,26931,23383,17
1,natparty_1919,2055,0.087948,26931,23383,17
1,dashnaks,1439,0.061585,26931,23383,17
1,federalists_1919,454,0.01943,26931,23383,17
1,raddem_1919,88,0.003766,26931,23383,17
1,indie_1919,71,0.003039,26931,23383,17
1,sr_1919,58,0.002482,26931,23383,17
1,national_democrats_1919,53,0.002268,26931,23383,17
1,muslim_1919,49,0.002097,26931,23383,17
1,borchalo_1919,42,0.001797,26931,23383,17
1,aesth_1919,13,0.000556,26931,23383,17
1,left_federalists_1919,10,0.000428,26931,23383,17
1,rustaveli_1919,0,0.0,26931,23383,17
1,sdwpr_1919,0,0.0,26931,23383,17
1,hellenic_1919,0,0.0,26931,23383,17
1,abkh_1919,0,0.0,26931,23383,17
2,social_democrats_1919,12121,0.568661,26764,21315,0
2,dashnaks,7758,0.363969,26764,21315,0
2,natparty_1919,657,0.030823,26764,21315,0
2,sr_1919,476,0.022332,26764,21315,0
2,federalists_1919,219,0.010274,26764,21315,0
2,left_federalists_1919,36,0.001689,26764,21315,0
2,national_democrats_1919,21,0.000985,26764,21315,0
2,raddem_1919,19,0.000891,26764,21315,0
2,borchalo_1919,7,0.000328,26764,21315,0
2,muslim_1919,1,0.000047,26764,21315,0
2,rustaveli_1919,0,0.0,26764,21315,0
2,indie_1919,0,0.0,26764,21315,0
2,sdwpr_1919,0,0.0,26764,21315,0
2,aesth_1919,0,0.0,26764,21315,0
2,hellenic_1919,0,0.0,26764,21315,0
2,abkh_1919,0,0.0,26764,21315,0
3,social_democrats_1919,12800,0.567074,41375,22572,0
3,federalists_1919,5511,0.244152,41375,22572,0
3,dashnaks,1855,0.082181,41375,22572,0
3,natparty_1919,860,0.0381,41375,22572,0
3,sr_1919,799,0.035398,41375,22572,0
3,hellenic_1919,522,0.023126,41375,22572,0
3,national_democrats_1919,153,0.006778,41375,22572,0
3,sdwpr_1919,37,0.001639,41375,22572,0
3,muslim_1919,6,0.000266,41375,22572,0
3,raddem_1919,5,0.000222,41375,22572,0
3,borchalo_1919,4,0.000177,41375,22572,0
3,indie_1919,2,0.000089,41375,22572,0
3,left_federalists_1919,1,0.000044,41375,22572,0
3,rustaveli_1919,1,0.000044,41375,22572,0
3,aesth_1919,0,0.0,41375,22572,0
3,abkh_1919,0,0.0,41375,22572,0
4,social_democrats_1919,23029,0.886754,37053,26695,725
4,dashnaks,2221,0.737384,5201,3043,31
4,sr_1919,1309,0.050404,37053,26695,725
4,dashnaks,433,0.016673,37053,26695,725
4,federalists_1919,390,0.015017,37053,26695,725
4,natparty_1919,350,0.116202,5201,3043,31
4,social_democrats_1919,345,0.114542,5201,3043,31
4,sdwpr_1919,286,0.011013,37053,26695,725
4,national_democrats_1919,207,0.007971,37053,26695,725
4,left_federalists_1919,152,0.005853,37053,26695,725
4,borchalo_1919,77,0.002965,37053,26695,725
4,federalists_1919,69,0.022908,5201,3043,31
4,indie_1919,61,0.002349,37053,26695,725
4,national_democrats_1919,23,0.007636,5201,3043,31
4,natparty_1919,19,0.000732,37053,26695,725
4,aesth_1919,4,0.000154,37053,26695,725
4,sr_1919,4,0.001328,5201,3043,31
4,hellenic_1919,3,0.000116,37053,26695,725
4,muslim_1919,2,0.000077,37053,26695,725
4,raddem_1919,1,0.000039,37053,26695,725
4,rustaveli_1919,0,0.0,37053,26695,725
4,abkh_1919,0,0.0,37053,26695,725
4,muslim_1919,0,0.0,5201,3043,31
4,raddem_1919,0,0.0,5201,3043,31
4,left_federalists_1919,0,0.0,5201,3043,31
4,rustaveli_1919,0,0.0,5201,3043,31
4,indie_1919,0,0.0,5201,3043,31
4,borchalo_1919,0,0.0,5201,3043,31
4,sdwpr_1919,0,0.0,5201,3043,31
4,aesth_1919,0,0.0,5201,3043,31
4,hellenic_1919,0,0.0,5201,3043,31
4,abkh_1919,0,0.0,5201,3043,31
5,social_democrats_1919,73822,0.963935,94143,76590,6
5,federalists_1919,2126,0.02776,94143,76590,6
5,national_democrats_1919,272,0.003552,94143,76590,6
5,left_federalists_1919,162,0.002115,94143,76590,6
5,natparty_1919,78,0.001018,94143,76590,6
5,sr_1919,65,0.000849,94143,76590,6
5,raddem_1919,21,0.000274,94143,76590,6
5,indie_1919,13,0.00017,94143,76590,6
5,sdwpr_1919,12,0.000157,94143,76590,6
5,dashnaks,8,0.000104,94143,76590,6
5,aesth_1919,5,0.000065,94143,76590,6
5,muslim_1919,0,0.0,94143,76590,6
5,rustaveli_1919,0,0.0,94143,76590,6
5,borchalo_1919,0,0.0,94143,76590,6
5,hellenic_1919,0,0.0,94143,76590,6
5,abkh_1919,0,0.0,94143,76590,6
6,social_democrats_1919,11529,0.765538,27259,15070,10
6,federalists_1919,2619,0.173904,27259,15070,10
6,sr_1919,629,0.041766,27259,15070,10
6,national_democrats_1919,139,0.00923,27259,15070,10
6,raddem_1919,127,0.008433,27259,15070,10
6,dashnaks,6,0.000398,27259,15070,10
6,left_federalists_1919,5,0.000332,27259,15070,10
6,natparty_1919,3,0.000199,27259,15070,10
6,aesth_1919,2,0.000133,27259,15070,10
6,indie_1919,1,0.000066,27259,15070,10
6,muslim_1919,0,0.0,27259,15070,10
6,rustaveli_1919,0,0.0,27259,15070,10
6,borchalo_1919,0,0.0,27259,15070,10
6,sdwpr_1919,0,0.0,27259,15070,10
6,hellenic_1919,0,0.0,27259,15070,10
6,abkh_1919,0,0.0,27259,15070,10
7,social_democrats_1919,4729,0.686357,12886,6897,7
7,federalists_1919,1728,0.250798,12886,6897,7
7,national_democrats_1919,384,0.055733,12886,6897,7
7,raddem_1919,19,0.002758,12886,6897,7
7,natparty_1919,14,0.002032,12886,6897,7
7,indie_1919,8,0.001161,12886,6897,7
7,sr_1919,4,0.000581,12886,6897,7
7,left_federalists_1919,4,0.000581,12886,6897,7
7,dashnaks,0,0.0,12886,6897,7
7,muslim_1919,0,0.0,12886,6897,7
7,rustaveli_1919,0,0.0,12886,6897,7
7,borchalo_1919,0,0.0,12886,6897,7
7,sdwpr_1919,0,0.0,12886,6897,7
7,aesth_1919,0,0.0,12886,6897,7
7,hellenic_1919,0,0.0,12886,6897,7
7,abkh_1919,0,0.0,12886,6897,7
8,social_democrats_1919,21576,0.71932,55927,30332,337
8,federalists_1919,5531,0.184397,55927,30332,337
8,raddem_1919,1890,0.063011,55927,30332,337
8,national_democrats_1919,454,0.015136,55927,30332,337
8,sr_1919,205,0.006834,55927,30332,337
8,left_federalists_1919,111,0.003701,55927,30332,337
8,dashnaks,109,0.003634,55927,30332,337
8,sdwpr_1919,76,0.002534,55927,30332,337
8,indie_1919,31,0.001034,55927,30332,337
8,natparty_1919,11,0.000367,55927,30332,337
8,muslim_1919,1,0.000033,55927,30332,337
8,rustaveli_1919,0,0.0,55927,30332,337
8,borchalo_1919,0,0.0,55927,30332,337
8,aesth_1919,0,0.0,55927,30332,337
8,hellenic_1919,0,0.0,55927,30332,337
8,abkh_1919,0,0.0,55927,30332,337
9,social_democrats_1919,19801,0.91014,35113,21801,45
9,federalists_1919,670,0.030796,35113,21801,45
9,raddem_1919,640,0.029417,35113,21801,45
9,national_democrats_1919,559,0.025694,35113,21801,45
9,natparty_1919,32,0.001471,35113,21801,45
9,sr_1919,25,0.001149,35113,21801,45
9,indie_1919,13,0.000598,35113,21801,45
9,dashnaks,8,0.000368,35113,21801,45
9,sdwpr_1919,4,0.000184,35113,21801,45
9,left_federalists_1919,2,0.000092,35113,21801,45
9,aesth_1919,2,0.000092,35113,21801,45
9,muslim_1919,0,0.0,35113,21801,45
9,rustaveli_1919,0,0.0,35113,21801,45
9,borchalo_1919,0,0.0,35113,21801,45
9,hellenic_1919,0,0.0,35113,21801,45
9,abkh_1919,0,0.0,35113,21801,45
16,social_democrats_1919,36529,0.948239,47803,38547,24
16,sr_1919,922,0.023934,47803,38547,24
16,national_democrats_1919,634,0.016458,47803,38547,24
16,federalists_1919,401,0.010409,47803,38547,24
16,left_federalists_1919,16,0.000415,47803,38547,24
16,natparty_1919,7,0.000182,47803,38547,24
16,indie_1919,6,0.000156,47803,38547,24
16,sdwpr_1919,6,0.000156,47803,38547,24
16,dashnaks,2,0.000052,47803,38547,24
16,muslim_1919,0,0.0,47803,38547,24
16,raddem_1919,0,0.0,47803,38547,24
16,rustaveli_1919,0,0.0,47803,38547,24
16,borchalo_1919,0,0.0,47803,38547,24
16,aesth_1919,0,0.0,47803,38547,24
16,hellenic_1919,0,0.0,47803,38547,24
16,abkh_1919,0,0.0,47803,38547,24
17,social_democrats_1919,39086,0.765057,89670,51118,29
17,national_democrats_1919,6086,0.119125,89670,51118,29
17,federalists_1919,4052,0.079313,89670,51118,29
17,sr_1919,1302,0.025485,89670,51118,29
17,natparty_1919,371,0.007262,89670,51118,29
17,left_federalists_1919,124,0.002427,89670,51118,29
17,raddem_1919,59,0.001155,89670,51118,29
17,sdwpr_1919,4,0.000078,89670,51118,29
17,indie_1919,3,0.000059,89670,51118,29
17,aesth_1919,2,0.000039,89670,51118,29
17,dashnaks,0,0.0,89670,51118,29
17,muslim_1919,0,0.0,89670,51118,29
17,rustaveli_1919,0,0.0,89670,51118,29
17,borchalo_1919,0,0.0,89670,51118,29
17,hellenic_1919,0,0.0,89670,51118,29
17,abkh_1919,0,0.0,89670,51118,29
18,social_democrats_1919,48052,0.825579,99541,58269,65
18,national_democrats_1919,5662,0.097279,99541,58269,65
18,federalists_1919,2383,0.040942,99541,58269,65
18,sr_1919,1598,0.027455,99541,58269,65
18,natparty_1919,318,0.005464,99541,58269,65
18,left_federalists_1919,167,0.002869,99541,58269,65
18,indie_1919,15,0.000258,99541,58269,65
18,sdwpr_1919,5,0.000086,99541,58269,65
18,muslim_1919,3,0.000052,99541,58269,65
18,raddem_1919,1,0.000017,99541,58269,65
18,dashnaks,0,0.0,99541,58269,65
18,rustaveli_1919,0,0.0,99541,58269,65
18,borchalo_1919,0,0.0,99541,58269,65
18,aesth_1919,0,0.0,99541,58269,65
18,hellenic_1919,0,0.0,99541,58269,65
18,abkh_1919,0,0.0,99541,58269,65
19,social_democrats_1919,13603,0.84601,28975,16114,35
19,federalists_1919,1468,0.091299,28975,16114,35
19,national_democrats_1919,756,0.047018,28975,16114,35
19,sr_1919,208,0.012936,28975,16114,35
19,left_federalists_1919,23,0.00143,28975,16114,35
19,indie_1919,12,0.000746,28975,16114,35
19,natparty_1919,6,0.000373,28975,16114,35
19,dashnaks,2,0.000124,28975,16114,35
19,aesth_1919,1,0.000062,28975,16114,35
19,muslim_1919,0,0.0,28975,16114,35
19,raddem_1919,0,0.0,28975,16114,35
19,rustaveli_1919,0,0.0,28975,16114,35
19,borchalo_1919,0,0.0,28975,16114,35
19,sdwpr_1919,0,0.0,28975,16114,35
19,hellenic_1919,0,0.0,28975,16114,35
19,abkh_1919,0,0.0,28975,16114,35
20,social_democrats_1919,10788,0.812288,24686,13295,14
20,federalists_1919,1383,0.104134,24686,13295,14
20,national_democrats_1919,1010,0.076048,24686,13295,14
20,left_federalists_1919,44,0.003313,24686,13295,14
20,sr_1919,33,0.002485,24686,13295,14
20,natparty_1919,8,0.000602,24686,13295,14
20,indie_1919,7,0.000527,24686,13295,14
20,sdwpr_1919,7,0.000527,24686,13295,14
20,dashnaks,1,0.000075,24686,13295,14
20,muslim_1919,0,0.0,24686,13295,14
20,raddem_1919,0,0.0,24686,13295,14
20,rustaveli_1919,0,0.0,24686,13295,14
20,borchalo_1919,0,0.0,24686,13295,14
20,aesth_1919,0,0.0,24686,13295,14
20,hellenic_1919,0,0.0,24686,13295,14
20,abkh_1919,0,0.0,24686,13295,14
21,social_democrats_1919,34085,0.796155,62145,49839,7027
21,sr_1919,6355,0.14844,62145,49839,7027
21,federalists_1919,1163,0.027165,62145,49839,7027
21,national_democrats_1919,1126,0.026301,62145,49839,7027
21,raddem_1919,30,0.000701,62145,49839,7027
21,left_federalists_1919,21,0.000491,62145,49839,7027
21,natparty_1919,17,0.000397,62145,49839,7027
21,indie_1919,15,0.00035,62145,49839,7027
21,dashnaks,0,0.0,62145,49839,7027
21,muslim_1919,0,0.0,62145,49839,7027
21,rustaveli_1919,0,0.0,62145,49839,7027
21,borchalo_1919,0,0.0,62145,49839,7027
21,sdwpr_1919,0,0.0,62145,49839,7027
21,aesth_1919,0,0.0,62145,49839,7027
21,hellenic_1919,0,0.0,62145,49839,7027
21,abkh_1919,0,0.0,62145,49839,7027
23,social_democrats_1919,15149,0.540785,60289,28028,15
23,sr_1919,8070,0.288081,60289,28028,15
23,national_democrats_1919,2414,0.086174,60289,28028,15
23,federalists_1919,2315,0.08264,60289,28028,15
23,left_federalists_1919,57,0.002035,60289,28028,15
23,natparty_1919,7,0.00025,60289,28028,15
23,indie_1919,1,0.000036,60289,28028,15
23,dashnaks,0,0.0,60289,28028,15
23,muslim_1919,0,0.0,60289,28028,15
23,raddem_1919,0,0.0,60289,28028,15
23,rustaveli_1919,0,0.0,60289,28028,15
23,borchalo_1919,0,0.0,60289,28028,15
23,sdwpr_1919,0,0.0,60289,28028,15
23,aesth_1919,0,0.0,60289,28028,15
23,hellenic_1919,0,0.0,60289,28028,15
23,abkh_1919,0,0.0,60289,28028,15
24,federalists_1919,444,0.686244,3252,647,0
24,social_democrats_1919,167,0.258114,3252,647,0
24,national_democrats_1919,28,0.043277,3252,647,0
24,dashnaks,7,0.010819,3252,647,0
24,indie_1919,1,0.001546,3252,647,0
24,sr_1919,0,0.0,3252,647,0
24,muslim_1919,0,0.0,3252,647,0
24,raddem_1919,0,0.0,3252,647,0
24,natparty_1919,0,0.0,3252,647,0
24,left_federalists_1919,0,0.0,3252,647,0
24,rustaveli_1919,0,0.0,3252,647,0
24,borchalo_1919,0,0.0,3252,647,0
24,sdwpr_1919,0,0.0,3252,647,0
24,aesth_1919,0,0.0,3252,647,0
24,hellenic_1919,0,0.0,3252,647,0
24,abkh_1919,0,0.0,3252,647,0
25,sr_1919,8271,0.393501,144038,22354,1335
25,social_democrats_1919,7987,0.37999,144038,22354,1335
25,federalists_1919,2174,0.10343,144038,22354,1335
25,abkh_1919,1404,0.066797,144038,22354,1335
25,national_democrats_1919,885,0.042105,144038,22354,1335
25,natparty_1919,169,0.00804,144038,22354,1335
25,dashnaks,58,0.002759,144038,22354,1335
25,sdwpr_1919,23,0.001094,144038,22354,1335
25,rustaveli_1919,18,0.000856,144038,22354,1335
25,hellenic_1919,15,0.000714,144038,22354,1335
25,raddem_1919,5,0.000238,144038,22354,1335
25,indie_1919,5,0.000238,144038,22354,1335
25,left_federalists_1919,3,0.000143,144038,22354,1335
25,muslim_1919,2,0.000095,144038,22354,1335
25,borchalo_1919,0,0.0,144038,22354,1335
25,aesth_1919,0,0.0,144038,22354,1335
29,social_democrats_1919,26646,0.72871,71164,36566,0
29,federalists_1919,3621,0.099026,71164,36566,0
29,national_democrats_1919,3610,0.098726,71164,36566,0
29,dashnaks,786,0.021495,71164,36566,0
29,indie_1919,478,0.013072,71164,36566,0
29,natparty_1919,368,0.010064,71164,36566,0
29,left_federalists_1919,362,0.0099,71164,36566,0
29,sdwpr_1919,339,0.009271,71164,36566,0
29,raddem_1919,144,0.003938,71164,36566,0
29,sr_1919,134,0.003665,71164,36566,0
29,rustaveli_1919,51,0.001395,71164,36566,0
29,aesth_1919,16,0.000438,71164,36566,0
29,hellenic_1919,11,0.000301,71164,36566,0
29,muslim_1919,0,0.0,71164,36566,0
29,borchalo_1919,0,0.0,71164,36566,0
29,abkh_1919,0,0.0,71164,36566,0
31,social_democrats_1919,2314,0.79437,5967,2913,0
31,dashnaks,247,0.084792,5967,2913,0
31,raddem_1919,134,0.046001,5967,2913,0
31,national_democrats_1919,126,0.043254,5967,2913,0
31,federalists_1919,92,0.031583,5967,2913,0
31,sdwpr_1919,18,0.006179,5967,2913,0
31,sr_1919,1,0.000343,5967,2913,0
31,indie_1919,1,0.000343,5967,2913,0
31,muslim_1919,0,0.0,5967,2913,0
31,natparty_1919,0,0.0,5967,2913,0
31,left_federalists_1919,0,0.0,5967,2913,0
31,rustaveli_1919,0,0.0,5967,2913,0
31,borchalo_1919,0,0.0,5967,2913,0
31,aesth_1919,0,0.0,5967,2913,0
31,hellenic_1919,0,0.0,5967,2913,0
31,abkh_1919,0,0.0,5967,2913,0
37,social_democrats_1919,1505,0.539427,4744,2805,15
37,dashnaks,543,0.194624,4744,2805,15
37,national_democrats_1919,355,0.12724,4744,2805,15
37,federalists_1919,344,0.123297,4744,2805,15
37,natparty_1919,12,0.004301,4744,2805,15
37,sdwpr_1919,10,0.003584,4744,2805,15
37,indie_1919,9,0.003226,4744,2805,15
37,left_federalists_1919,6,0.002151,4744,2805,15
37,sr_1919,3,0.001075,4744,2805,15
37,raddem_1919,3,0.001075,4744,2805,15
37,muslim_1919,0,0.0,4744,2805,15
37,rustaveli_1919,0,0.0,4744,2805,15
37,borchalo_1919,0,0.0,4744,2805,15
37,aesth_1919,0,0.0,4744,2805,15
37,hellenic_1919,0,0.0,4744,2805,15
37,abkh_1919,0,0.0,4744,2805,15
48,social_democrats_1919,2073,0.649843,5647,3199,9
48,federalists_1919,519,0.162696,5647,3199,9
48,national_democrats_1919,388,0.12163,5647,3199,9
48,dashnaks,108,0.033856,5647,3199,9
48,natparty_1919,54,0.016928,5647,3199,9
48,left_federalists_1919,29,0.009091,5647,3199,9
48,sr_1919,11,0.003448,5647,3199,9
48,indie_1919,7,0.002194,5647,3199,9
48,raddem_1919,1,0.000313,5647,3199,9
48,muslim_1919,0,0.0,5647,3199,9
48,rustaveli_1919,0,0.0,5647,3199,9
48,borchalo_1919,0,0.0,5647,3199,9
48,sdwpr_1919,0,0.0,5647,3199,9
48,aesth_1919,0,0.0,5647,3199,9
48,hellenic_1919,0,0.0,5647,3199,9
48,abkh_1919,0,0.0,5647,3199,9
52,social_democrats_1919,1509,0.767939,3704,1971,6
52,national_democrats_1919,316,0.160814,3704,1971,6
52,left_federalists_1919,62,0.031552,3704,1971,6
52,sr_1919,54,0.027481,3704,1971,6
52,federalists_1919,23,0.011705,3704,1971,6
52,indie_1919,1,0.000509,3704,1971,6
52,dashnaks,0,0.0,3704,1971,6
52,muslim_1919,0,0.0,3704,1971,6
52,raddem_1919,0,0.0,3704,1971,6
52,natparty_1919,0,0.0,3704,1971,6
52,rustaveli_1919,0,0.0,3704,1971,6
52,borchalo_1919,0,0.0,3704,1971,6
52,sdwpr_1919,0,0.0,3704,1971,6
52,aesth_1919,0,0.0,3704,1971,6
52,hellenic_1919,0,0.0,3704,1971,6
52,abkh_1919,0,0.0,3704,1971,6
56,dashnaks,307,0.599609,1044,512,0
56,social_democrats_1919,132,0.257812,1044,512,0
56,natparty_1919,46,0.089844,1044,512,0
56,sr_1919,11,0.021484,1044,512,0
56,federalists_1919,7,0.013672,1044,512,0
56,raddem_1919,4,0.007812,1044,512,0
56,national_democrats_1919,3,0.005859,1044,512,0
56,left_federalists_1919,2,0.003906,1044,512,0
56,muslim_1919,0,0.0,1044,512,0
56,rustaveli_1919,0,0.0,1044,512,0
56,indie_1919,0,0.0,1044,512,0
56,borchalo_1919,0,0.0,1044,512,0
56,sdwpr_1919,0,0.0,1044,512,0
56,aesth_1919,0,0.0,1044,512,0
56,hellenic_1919,0,0.0,1044,512,0
56,abkh_1919,0,0.0,1044,512,0
72,social_democrats_1919,1069,0.645142,2523,1660,3
72,national_democrats_1919,364,0.219674,2523,1660,3
72,federalists_1919,109,0.065782,2523,1660,3
72,natparty_1919,53,0.031986,2523,1660,3
72,sr_1919,32,0.019312,2523,1660,3
72,raddem_1919,10,0.006035,2523,1660,3
72,indie_1919,10,0.006035,2523,1660,3
72,aesth_1919,5,0.003018,2523,1660,3
72,dashnaks,4,0.002414,2523,1660,3
72,left_federalists_1919,1,0.000604,2523,1660,3
72,muslim_1919,0,0.0,2523,1660,3
72,rustaveli_1919,0,0.0,2523,1660,3
72,borchalo_1919,0,0.0,2523,1660,3
72,sdwpr_1919,0,0.0,2523,1660,3
72,hellenic_1919,0,0.0,2523,1660,3
72,abkh_1919,0,0.0,2523,1660,3
74,social_democrats_1919,439,0.65037,2384,675,0
74,national_democrats_1919,120,0.177778,2384,675,0
74,federalists_1919,50,0.074074,2384,675,0
74,sr_1919,44,0.065185,2384,675,0
74,left_federalists_1919,12,0.017778,2384,675,0
74,indie_1919,10,0.014815,2384,675,0
74,dashnaks,0,0.0,2384,675,0
74,muslim_1919,0,0.0,2384,675,0
74,raddem_1919,0,0.0,2384,675,0
74,natparty_1919,0,0.0,2384,675,0
74,rustaveli_1919,0,0.0,2384,675,0
74,borchalo_1919,0,0.0,2384,675,0
74,sdwpr_1919,0,0.0,2384,675,0
74,aesth_1919,0,0.0,2384,675,0
74,hellenic_1919,0,0.0,2384,675,0
74,abkh_1919,0,0.0,2384,675,0
84,social_democrats_1919,3215,0.840523,6007,3846,21
84,national_democrats_1919,329,0.086013,6007,3846,21
84,sr_1919,119,0.031111,6007,3846,21
84,federalists_1919,115,0.030065,6007,3846,21
84,left_federalists_1919,15,0.003922,6007,3846,21
84,dashnaks,11,0.002876,6007,3846,21
84,indie_1919,7,0.00183,6007,3846,21
84,natparty_1919,6,0.001569,6007,3846,21
84,sdwpr_1919,5,0.001307,6007,3846,21
84,raddem_1919,3,0.000784,6007,3846,21
84,muslim_1919,0,0.0,6007,3846,21
84,rustaveli_1919,0,0.0,6007,3846,21
84,borchalo_1919,0,0.0,6007,3846,21
84,aesth_1919,0,0.0,6007,3846,21
84,hellenic_1919,0,0.0,6007,3846,21
84,abkh_1919,0,0.0,6007,3846,21
86,social_democrats_1919,968,0.638522,3038,1518,2
86,national_democrats_1919,402,0.265172,3038,1518,2
86,federalists_1919,100,0.065963,3038,1518,2
86,sr_1919,28,0.01847,3038,1518,2
86,raddem_1919,12,0.007916,3038,1518,2
86,dashnaks,4,0.002639,3038,1518,2
86,natparty_1919,2,0.001319,3038,1518,2
86,muslim_1919,0,0.0,3038,1518,2
86,left_federalists_1919,0,0.0,3038,1518,2
86,rustaveli_1919,0,0.0,3038,1518,2
86,indie_1919,0,0.0,3038,1518,2
86,borchalo_1919,0,0.0,3038,1518,2
86,sdwpr_1919,0,0.0,3038,1518,2
86,aesth_1919,0,0.0,3038,1518,2
86,hellenic_1919,0,0.0,3038,1518,2
86,abkh_1919,0,0.0,3038,1518,2
92,social_democrats_1919,2067,0.705943,5460,2936,8
92,federalists_1919,528,0.180328,5460,2936,8
92,national_democrats_1919,305,0.104167,5460,2936,8
92,sr_1919,15,0.005123,5460,2936,8
92,left_federalists_1919,8,0.002732,5460,2936,8
92,indie_1919,4,0.001366,5460,2936,8
92,sdwpr_1919,1,0.000342,5460,2936,8
92,dashnaks,0,0.0,5460,2936,8
92,muslim_1919,0,0.0,5460,2936,8
92,raddem_1919,0,0.0,5460,2936,8
92,natparty_1919,0,0.0,5460,2936,8
92,rustaveli_1919,0,0.0,5460,2936,8
92,borchalo_1919,0,0.0,5460,2936,8
92,aesth_1919,0,0.0,5460,2936,8
92,hellenic_1919,0,0.0,5460,2936,8
92,abkh_1919,0,0.0,5460,2936,8
101,social_democrats_1919,493,0.399514,2859,1236,2
101,national_democrats_1919,433,0.350891,2859,1236,2
101,federalists_1919,250,0.202593,2859,1236,2
101,sr_1919,57,0.046191,2859,1236,2
101,indie_1919,1,0.00081,2859,1236,2
101,dashnaks,0,0.0,2859,1236,2
101,muslim_1919,0,0.0,2859,1236,2
101,raddem_1919,0,0.0,2859,1236,2
101,natparty_1919,0,0.0,2859,1236,2
101,left_federalists_1919,0,0.0,2859,1236,2
101,rustaveli_1919,0,0.0,2859,1236,2
101,borchalo_1919,0,0.0,2859,1236,2
101,sdwpr_1919,0,0.0,2859,1236,2
101,aesth_1919,0,0.0,2859,1236,2
101,hellenic_1919,0,0.0,2859,1236,2
101,abkh_1919,0,0.0,2859,1236,2
102,social_democrats_1919,1929,0.864635,3440,2239,8
102,federalists_1919,177,0.079337,3440,2239,8
102,national_democrats_1919,121,0.054236,3440,2239,8
102,indie_1919,2,0.000896,3440,2239,8
102,sr_1919,1,0.000448,3440,2239,8
102,natparty_1919,1,0.000448,3440,2239,8
102,dashnaks,0,0.0,3440,2239,8
102,muslim_1919,0,0.0,3440,2239,8
102,raddem_1919,0,0.0,3440,2239,8
102,left_federalists_1919,0,0.0,3440,2239,8
102,rustaveli_1919,0,0.0,3440,2239,8
102,borchalo_1919,0,0.0,3440,2239,8
102,sdwpr_1919,0,0.0,3440,2239,8
102,aesth_1919,0,0.0,3440,2239,8
102,hellenic_1919,0,0.0,3440,2239,8
102,abkh_1919,0,0.0,3440,2239,8
103,social_democrats_1919,2911,0.767669,8018,3800,8
103,national_democrats_1919,498,0.131329,8018,3800,8
103,federalists_1919,240,0.063291,8018,3800,8
103,sr_1919,73,0.019251,8018,3800,8
103,indie_1919,41,0.010812,8018,3800,8
103,dashnaks,9,0.002373,8018,3800,8
103,raddem_1919,8,0.00211,8018,3800,8
103,natparty_1919,7,0.001846,8018,3800,8
103,left_federalists_1919,3,0.000791,8018,3800,8
103,aesth_1919,2,0.000527,8018,3800,8
103,muslim_1919,0,0.0,8018,3800,8
103,rustaveli_1919,0,0.0,8018,3800,8
103,borchalo_1919,0,0.0,8018,3800,8
103,sdwpr_1919,0,0.0,8018,3800,8
103,hellenic_1919,0,0.0,8018,3800,8
103,abkh_1919,0,0.0,8018,3800,8
105,social_democrats_1919,7493,0.608297,24047,12333,15
105,national_democrats_1919,2972,0.241273,24047,12333,15
105,federalists_1919,1219,0.098961,24047,12333,15
105,left_federalists_1919,229,0.018591,24047,12333,15
105,sr_1919,151,0.012258,24047,12333,15
105,natparty_1919,137,0.011122,24047,12333,15
105,dashnaks,71,0.005764,24047,12333,15
105,indie_1919,24,0.001948,24047,12333,15
105,aesth_1919,11,0.000893,24047,12333,15
105,sdwpr_1919,5,0.000406,24047,12333,15
105,raddem_1919,4,0.000325,24047,12333,15
105,muslim_1919,0,0.0,24047,12333,15
105,rustaveli_1919,0,0.0,24047,12333,15
105,borchalo_1919,0,0.0,24047,12333,15
105,hellenic_1919,0,0.0,24047,12333,15
105,abkh_1919,0,0.0,24047,12333,15
106,social_democrats_1919,994,0.859118,2560,1157,0
106,national_democrats_1919,106,0.091616,2560,1157,0
106,dashnaks,18,0.015557,2560,1157,0
106,federalists_1919,17,0.014693,2560,1157,0
106,indie_1919,13,0.011236,2560,1157,0
106,sr_1919,5,0.004322,2560,1157,0
106,aesth_1919,3,0.002593,2560,1157,0
106,sdwpr_1919,1,0.000864,2560,1157,0
106,muslim_1919,0,0.0,2560,1157,0
106,raddem_1919,0,0.0,2560,1157,0
106,natparty_1919,0,0.0,2560,1157,0
106,left_federalists_1919,0,0.0,2560,1157,0
106,rustaveli_1919,0,0.0,2560,1157,0
106,borchalo_1919,0,0.0,2560,1157,0
106,hellenic_1919,0,0.0,2560,1157,0
106,abkh_1919,0,0.0,2560,1157,0
107,social_democrats_1919,2363,0.95901,4262,2466,2
107,federalists_1919,88,0.035714,4262,2466,2
107,national_democrats_1919,6,0.002435,4262,2466,2
107,sr_1919,3,0.001218,4262,2466,2
107,dashnaks,1,0.000406,4262,2466,2
107,natparty_1919,1,0.000406,4262,2466,2
107,left_federalists_1919,1,0.000406,4262,2466,2
107,indie_1919,1,0.000406,4262,2466,2
107,muslim_1919,0,0.0,4262,2466,2
107,raddem_1919,0,0.0,4262,2466,2
107,rustaveli_1919,0,0.0,4262,2466,2
107,borchalo_1919,0,0.0,4262,2466,2
107,sdwpr_1919,0,0.0,4262,2466,2
107,aesth_1919,0,0.0,4262,2466,2
107,hellenic_1919,0,0.0,4262,2466,2
107,abkh_1919,0,0.0,4262,2466,2
